ano,cod_municipio,nome_do_municipio,quantidade_de_matriculas,qt_salas_utilizadas,qt_salas_utiliza_climatizadas,qt_equip_multimidia,qt_equip_lousa_digital,qt_desktop_aluno,qt_tablet_aluno,qt_prof_pedagogia,qt_prof_gestao,qt_prof_saude,qt_prof_secretario,qt_prof_monitores,qt_escolas_com_agua_potavel,qt_escolas_com_energia_rede_publica,qt_escolas_com_esgoto_rede_publica,qt_escolas_com_lixo_servico_coleta,qt_escolas_com_banheiro_pne,qt_escolas_com_acessibilidade_rampas,qt_escolas_com_acessibilidade_sinal_visual,qt_escolas_com_orgao_conselho_escolar,qt_escolas_com_orgao_ass_pais_mestres,qt_escolas_com_orgao_gremio_estudantil,qt_escolas_com_banheiro_chuveiro,qt_escolas_com_biblioteca,qt_escolas_com_laboratorio_ciencias,qt_escolas_com_laboratorio_informatica,qt_escolas_com_quadra_esportes,ideb,media_alunos_turma,media_horas_aula,percentual_docente_curso_superior,pib_per_capita,populacao_residente,taxa_distorcao_idade_serie,grupo_1_adeq_form_docente,grupo_2_adeq_form_docente,grupo_3_adeq_form_docente,grupo_4_adeq_form_docente,grupo_5_adeq_form_docente,valor_da_producao_prod_origem_animal,area_plantada_ou_destinada_a_colheita_lavour,area_colhida_lavour,valor_da_producao_lavour,valor_da_producao_na_extracao_vegetal,efetivo_dos_rebanhos,baixa_regularidade,media_baixa_regularidade,media_alta_regularidade,alta_regularidade,nivel_1_esforco_docente,nivel_2_esforco_docente,nivel_3_esforco_docente,nivel_4_esforco_docente,nivel_5_esforco_docente,nivel_6_esforco_docente,nivel_1_gestao_escola,nivel_2_gestao_escola,nivel_3_gestao_escola,nivel_4_gestao_escola,nivel_5_gestao_escola,nivel_6_gestao_escola,valor_repassado_a_pcds_pelo_rmv,valor_repassado_a_idosos_pelo_rmv,valor_repassado_gestao_suas,valor_repassado_protecao_social_basica,valor_repassado_grupo_programas,transferencia_voluntarias_fundo_fundo,valor_total_repassado_via_fundo_municipal,valor_total_repassado_via_fundos_municipal_e_estadual,valor_repassado_gestao_programa_bolsa_familia_cadastro_unico,valor_repassado_crianca_feliz,valor_repassado_gestao_programa_auxilio_brasil,valor_repassado_protecao_social_especial_de_media_e_alta_complexidade,pessoas_com_deficiencia_beneficiarias_do_bpc,idosos_beneficiarios_do_bpc,valor_repassado_a_pcds_pelo_bpc,valor_repassado_a_idosos_pelo_bpc,total_de_beneficiarios_do_bpc,valor_total_repassado_ao_bpc,iptu,itbi,iss,irrf,fpm,cota_parte_icms,cota_parte_ipi_exp,cota_parte_ipva,cota_parte_iof_ouro,salario_educacao,pdde,pnae,pnate,convenios,operacao_de_creditos,contribuicao_na_formacao_do_fundef_fundeb_–_destinada,receita_recebida_na_redistribuicao_interna_do_fundeb_transferencia_de_recursos_do_fundeb,resultado_liquido_ganhos_ou_perdas_=_recebido_enviado,complementacao_da_uniao,receita_da_aplicacao_financeira_do_fundeb,vaaf,total_composicao_complementacao_fundeb,receitas_destinadas_ao_fundeb_fundo_estadual,receitas_recebidas_do_fundeb_fundo_estadual,valor_aplicado_em_mde,despesas_com_profissionais_da_educacao_basica,educacao_infantil,creche,pre_escola,ensino_fundamental,ensino_medio,ensino_profissional_nao_integrado_ao_ensino_regular,quota_do_salario_educacao,ideb_predito_referencia
2023,2200053,ACAUÃ,399,210,0,35,0,10,75,35,0,0,5,0,40,40,0,25,25,40,0,40,0,0,5,5,0,5,25,6.2,14.1,8.2,95.6,13228.09,6420,4.0,51.6,5.1,35.8,1.9,5.6,3623,3407,2713.0,3246.0,240,114353,0.0,0.0,44.4,55.6,9.1,13.6,52.3,25.0,0.0,0.0,44.4,44.4,11.2,0.0,0.0,0.0,0.0,0.0,0.0,209526.89,21142.61,500000,921937.43,921937.43,54146.9,128460.0,8661.03,0.0,18.0,2.0,280029.48,27630.5,20.0,307659.98,92782.84,1367.58,468423.15,605920.15,13145919.56,1377086.7,332.17,135673.04,0.0,79969.4,0.0,260239.4,131444.85,343810.43,0.0,2394524.19,4926047.8,2531523.61,4000476.25,39680.2,1620720.33,4000476.25,2394524.19,4926047.8,5062584.6,7287728.97,2291455.33,1266724.47,1024730.86,9183206.37,0.0,0.0,79969.4,5.877098
2023,2200103,AGRICOLÂNDIA,357,155,0,50,0,35,50,30,0,0,20,0,20,20,10,20,20,10,0,20,15,0,15,10,0,0,10,5.2,23.8,8.5,100.0,11606.34,4940,7.6,86.1,0.0,13.9,0.0,0.0,303,1642,1617.0,8234.0,36,15227,0.0,25.0,75.0,0.0,8.0,12.0,56.0,16.0,0.0,8.0,50.0,0.0,0.0,50.0,0.0,0.0,220752.0,0.0,0.0,153923.75,12000.0,0,320144.97,320144.97,35191.67,112728.0,6301.55,0.0,76.0,14.0,1068578.0,199830.0,90.0,1268408.0,22119.47,67629.21,580369.48,716034.25,13145919.56,729408.44,138.03,131663.45,0.0,71207.29,0.0,150372.0,28079.04,0.0,0.0,2393441.32,4110252.05,1716810.73,2707828.08,66635.87,1252071.15,2707828.08,2393441.32,4110252.05,4240698.92,4915679.88,1782329.33,564837.37,1217491.96,6749423.66,0.0,0.0,71207.29,5.649549
2023,2200202,ÁGUA BRANCA,1071,565,190,95,0,245,75,45,10,0,70,20,75,75,15,75,35,30,0,75,0,25,45,5,5,40,35,6.8,21.0,7.7,95.1,17272.65,17573,3.7,63.3,3.3,24.8,4.8,3.8,1064,519,484.0,1984.0,23,39628,0.0,26.3,68.4,5.3,13.0,27.0,23.0,31.0,5.0,1.0,35.0,15.0,5.0,40.0,5.0,0.0,1467547.34,0.0,0.0,190932.97,36504.41,1445000,1921961.0,1921961.0,100497.02,73812.0,10484.73,64729.87,665.0,149.0,10003682.9,2228756.58,814.0,12232439.48,487199.96,501628.06,1576040.38,1974615.88,26291839.09,5345525.67,825.16,1108835.11,0.0,226577.0,0.0,758057.22,60316.52,0.0,0.0,5856208.1,15440809.84,9584601.74,12578812.59,210030.72,4662016.02,12578812.59,5856208.1,15440809.84,9906104.02,20569504.47,7161758.46,5117947.17,2043811.29,24302579.75,0.0,0.0,226577.0,6.0123005
2023,2200251,ALAGOINHA DO PIAUÍ,337,185,60,30,5,65,95,15,35,0,15,0,30,30,5,25,10,20,5,30,0,0,0,10,0,5,5,5.3,14.5,4.0,100.0,11847.35,6819,4.5,92.1,0.0,3.3,4.6,0.0,2130,7070,7070.0,6057.0,632,64495,0.0,0.0,57.1,42.9,4.8,9.5,28.6,42.9,7.1,7.1,28.6,14.3,28.6,0.0,0.0,28.5,15768.0,0.0,0.0,153923.75,24617.63,425000,819285.12,819285.12,62305.54,143385.0,10053.2,0.0,116.0,4.0,1670450.53,74917.2,120.0,1745367.73,37397.25,15473.46,303525.13,3178.69,13145919.56,1077606.12,252.71,373187.52,0.0,66798.92,0.0,97146.6,110293.29,0.0,0.0,2393473.31,3925564.31,1532091.0,1568153.39,8678.38,1200154.02,1568153.39,2393473.31,3925564.31,4293077.68,4444606.17,2068283.46,968283.46,1100000.0,6461275.81,0.0,0.0,66798.92,6.07617
2023,2200277,ALEGRETE DO PIAUÍ,285,200,105,25,5,30,0,25,15,0,40,0,40,45,5,25,5,20,0,45,0,0,10,10,0,0,5,5.8,15.0,7.2,100.0,12162.15,4634,4.2,72.1,0.0,23.3,4.6,0.0,814,2580,2580.0,5099.0,392,22408,22.2,55.6,22.2,0.0,40.8,33.3,3.7,7.4,14.8,0.0,33.3,22.2,22.2,22.3,0.0,0.0,15768.0,0.0,0.0,153923.75,12000.0,200000,512351.54,512351.54,37816.97,102727.5,5883.32,0.0,54.0,16.0,792453.36,202525.05,70.0,994978.41,14204.42,0.0,261316.72,265685.42,13319985.21,1257321.61,172.64,342026.09,0.0,74345.21,0.0,111982.8,37383.71,109276.52,0.0,2644778.11,4141248.86,1496470.75,2568199.88,0.0,1272039.93,2568199.88,2644778.11,4141248.86,3954407.3,4754805.31,2660195.16,967533.3,1692661.86,6063926.02,0.0,0.0,74345.21,6.182064
2023,2200301,ALTO LONGÁ,663,710,195,115,0,90,10,125,10,0,55,30,110,110,25,60,40,55,25,90,0,0,35,40,5,20,55,5.6,15.3,5.7,91.8,10899.42,13479,2.3,70.7,0.0,15.6,2.7,11.0,1777,3075,3075.0,6313.0,1706,165158,4.5,81.8,13.7,0.0,53.4,11.1,8.9,13.3,4.4,8.9,39.1,17.4,13.0,21.7,8.8,0.0,94608.0,0.0,0.0,227580.15,35801.13,500000,1031253.05,1031253.05,107110.78,143769.0,16991.99,0.0,124.0,24.0,1770555.86,373315.28,148.0,2143871.14,43604.49,50291.09,673425.92,292947.06,22353269.21,2839707.67,512.54,134653.06,0.0,152133.38,7260.0,331754.0,118473.2,594184.64,0.0,4526487.59,9207762.82,4681275.23,6586842.17,11179.97,2818891.48,6586842.17,4526487.59,9207762.82,8176315.06,13208497.01,3579391.03,2313829.59,1257861.44,17182670.9,0.0,0.0,152133.38,6.084201
2023,2200400,ALTOS,2955,1405,925,175,15,385,430,90,45,10,40,5,200,200,35,160,80,85,0,200,5,10,70,50,0,55,60,7.0,23.7,7.7,90.4,16119.4,47453,3.4,79.0,2.6,8.6,0.4,9.4,1898,1663,1663.0,6072.0,1710,1137016,13.6,54.5,25.0,6.9,12.9,39.0,24.1,17.1,5.3,1.6,58.7,17.4,4.3,15.2,4.4,0.0,748699.2,47304.0,0.0,369480.43,29816.37,1500000,2669817.25,2669817.25,248116.2,408808.5,41397.05,72198.7,1113.0,317.0,16562153.42,4861135.8,1430.0,21423289.22,658757.95,951216.37,4346695.97,8202444.97,41658293.77,8843266.8,2175.46,2012618.27,0.0,570505.09,0.0,1938625.8,317536.9,0.0,0.0,9726092.42,39493256.66,29767164.24,39842120.56,478617.83,12044996.4,39842120.56,9726092.42,39493256.66,16873923.22,55245606.74,19944059.89,6902909.58,12677122.5,75363181.33,0.0,0.0,570505.09,6.135528
2023,2200459,ALVORADA DO GURGUÉIA,406,260,75,35,0,145,5,5,10,0,25,20,40,40,10,15,5,35,0,35,5,0,20,10,0,20,5,4.8,12.7,8.5,57.9,20497.64,5322,4.7,40.7,1.9,14.4,1.5,41.5,372,5349,5349.0,41529.0,118,17420,0.0,12.5,87.5,0.0,35.0,43.9,15.8,1.8,3.5,0.0,25.0,62.5,0.0,0.0,0.0,12.5,0.0,0.0,0.0,197991.75,12000.0,200000,560016.03,560016.03,38056.08,105793.5,6174.7,0.0,25.0,5.0,357525.92,116894.87,30.0,474420.79,8366.04,79261.16,793116.46,561406.33,13145919.56,2512527.47,407.97,83630.73,0.0,92974.0,1862.02,295268.86,11559.84,0.0,0.0,2923770.05,6141620.88,3217850.83,4170821.3,12603.68,1873340.72,4170821.3,2923770.05,6141620.88,5165922.05,8192230.44,1497742.17,290556.62,1207185.55,12324313.55,0.0,0.0,92974.0,5.16789
2023,2200509,AMARANTE,1103,705,475,90,0,155,220,60,25,0,105,1333605,100,130,10,50,35,50,0,95,0,5,25,20,5,20,20,4.4,16.5,9.0,94.7,14155.37,17234,7.2,71.8,0.0,23.4,0.0,4.8,687,4665,4415.0,9257.0,311,92187,8.0,16.0,52.0,24.0,50.4,8.8,23.9,13.3,0.9,2.7,29.0,16.1,12.9,35.5,6.5,0.0,1373896.74,0.0,0.0,173695.18,46033.13,525000,1105875.14,1105875.14,118625.53,148164.0,19935.87,74421.43,591.0,105.0,9145094.57,1721105.08,696.0,10866199.65,73841.32,38958.75,1941138.24,2482371.71,26291839.09,3041445.88,920.4,511801.6,0.0,302025.69,8220.0,880326.8,261120.42,229750.9,0.0,5499024.24,19013333.23,13514308.99,17007359.71,70037.3,5817749.53,17007359.71,5499024.24,19013333.23,9137841.17,26109822.76,11816526.49,7779184.12,3599404.9,28903208.17,0.0,0.0,302025.69,5.595168
2023,2200608,ANGICAL DO PIAUÍ,466,345,205,444475,55,185,160,70,15,25,20,15,45,45,5,40,15,35,5,40,0,5,25,15,10,15,10,6.8,21.6,4.4,100.0,12417.16,6827,2.6,65.5,0.0,15.2,19.3,0.0,554,952,893.0,2337.0,81,137314,25.0,33.3,41.7,0.0,26.5,11.8,20.6,23.5,8.8,8.8,33.3,25.0,16.7,8.3,16.7,0.0,479552.2,0.0,0.0,153923.75,33056.97,635000,1109973.24,1109973.24,50038.66,143466.0,7849.41,86638.45,177.0,25.0,2666462.23,375817.35,202.0,3042279.58,2228.04,14915.5,371151.08,876710.39,13145919.56,1514223.3,272.9,261486.41,0.0,87350.73,3300.0,127017.4,51630.36,225849.86,0.0,2748987.45,4804108.44,2055120.99,3232114.67,53724.68,1473426.98,3232114.67,2748987.45,4804108.44,4672705.85,6454323.84,3187671.71,792747.25,2394924.46,7292049.3,0.0,0.0,87350.73,6.125432
2023,2200707,ANÍSIO DE ABREU,666,410,95,80,25,65,5,90,10,0,20,0,60,60,0,45,25,45,0,60,0,0,10,15,0,10,30,5.3,16.2,6.0,93.1,13286.92,9407,8.6,61.7,0.0,31.6,0.0,6.7,6223,3689,2511.0,1850.0,210,47122,7.1,7.1,78.6,7.2,25.4,1.2,37.3,32.5,1.2,2.4,0.0,21.4,14.3,28.6,21.4,14.3,47304.0,0.0,0.0,149538.17,12000.0,350000,742389.14,742389.14,68117.53,147375.0,10512.66,4845.78,104.0,13.0,1570442.98,218083.93,117.0,1788526.91,22948.33,27101.69,615159.07,938682.81,13145919.56,1653980.83,217.09,255538.48,0.0,175251.07,0.0,291433.38,138518.55,501304.96,0.0,2761107.51,9680345.49,6919237.98,8295543.02,127314.38,2929934.09,8295543.02,2761107.51,9680345.49,4195706.53,12932398.6,2899231.7,1928227.28,951718.33,16881782.48,0.0,0.0,175251.07,5.6012745
2023,2200806,ANTÔNIO ALMEIDA,258,125,100,35,0,160,50,35,5,0,25,0,25,25,20,25,10,15,0,25,0,0,5,5,0,15,10,6.1,21.5,6.8,94.7,62696.38,3152,3.5,53.1,0.0,37.5,5.2,4.2,211,9915,9915.0,74417.0,107,13260,0.0,60.0,40.0,0.0,5.9,17.6,35.3,23.5,11.8,5.9,0.0,60.0,0.0,40.0,0.0,0.0,0.0,0.0,0.0,153923.75,12000.0,0,276807.75,276807.75,30800.0,74484.0,5600.0,0.0,13.0,2.0,197156.61,32856.0,15.0,230012.61,193835.94,31406.72,869033.91,531914.75,13145919.56,6335690.46,313.81,71595.87,0.0,55533.63,3.51,128362.51,31468.77,0.0,0.0,3633289.53,3286347.08,-346942.45,1846756.51,25960.0,993665.92,1846756.51,3633289.53,3286347.08,6896870.92,4777017.11,1017948.57,103782.15,873179.9,7191168.26,0.0,0.0,55533.63,6.024838
2023,2200905,AROAZES,315,295,110,30,0,25,25,85,20,0,35,35,55,55,0,25,15,20,10,40,0,5,20,20,0,0,10,5.8,15.4,7.4,90.9,12942.71,5369,8.3,44.8,0.0,45.9,0.0,9.3,1327,730,730.0,1529.0,308,43003,8.3,41.7,50.0,0.0,51.9,3.4,10.3,31.0,3.4,0.0,35.7,7.1,14.3,28.6,14.3,0.0,0.0,0.0,0.0,222672.9,12000.0,760000,1170167.63,1170167.63,42751.89,126363.0,6379.84,0.0,31.0,13.0,495433.14,201060.0,44.0,696493.14,30406.4,13620.77,380028.49,656706.84,13145919.56,2229790.64,233.81,40078.57,0.0,87239.26,8040.0,124768.2,36892.16,300000.0,0.0,2873932.52,4806028.63,1932096.11,3212258.16,0.0,1461990.5,3212258.16,2873932.52,4806028.63,5025685.19,6020178.67,1214079.23,963579.33,250499.9,9119653.69,0.0,0.0,87239.26,5.484428
2023,2200954,AROEIRAS DO ITAIM,150,355,160,30,0,25,15,55,5,0,15,0,45,45,5,30,25,35,0,35,0,0,10,15,10,10,0,5.1,13.1,5.6,92.3,11724.87,2690,4.7,66.7,0.0,23.7,0.0,9.6,879,2316,2316.0,1469.0,1942,34798,42.9,28.6,28.5,0.0,33.4,0.0,8.3,41.7,8.3,8.3,33.3,0.0,22.2,22.2,22.3,0.0,0.0,0.0,0.0,153923.75,20067.01,525000,729790.76,729790.76,30800.0,0.0,0.0,0.0,5.0,1.0,43416.79,15768.0,6.0,59184.79,8904.32,3043.04,82561.83,771.65,13145919.56,899122.71,105.49,69805.91,0.0,60268.29,3660.0,81160.4,63077.79,0.0,0.0,2587136.34,3071798.44,484662.1,996685.07,4906.1,940232.51,996685.07,2587136.34,3071798.44,3872719.44,3215717.08,589887.66,440504.65,149383.01,5392002.6,0.0,0.0,60268.29,5.9287586
2023,2201002,ARRAIAL,308,240,110,50,0,60,5,10,20,0,10,0,45,45,0,25,25,35,15,40,0,0,20,0,0,5,15,5.4,18.2,7.1,96.0,13303.84,4520,6.2,65.2,3.5,25.2,0.0,6.1,299,999,999.0,1165.0,138,34497,11.1,33.3,55.6,0.0,32.0,32.0,20.0,16.0,0.0,0.0,33.3,33.3,11.1,22.3,0.0,0.0,0.0,0.0,0.0,151674.2,12000.0,100000,446387.89,446387.89,29241.45,147687.0,5785.24,0.0,26.0,5.0,327322.73,69672.8,31.0,396995.53,37938.04,0.0,287231.89,476457.04,13145919.56,1580885.85,243.61,102099.12,0.0,93799.58,0.0,271506.2,61539.98,271211.49,0.0,2730111.43,5974215.98,3244104.55,5755828.36,35197.82,1792180.26,5755828.36,2730111.43,5974215.98,4068207.59,8947594.16,3389894.09,2828510.71,561383.38,9945832.96,0.0,0.0,93799.58,5.5890007
2023,2201051,ASSUNÇÃO DO PIAUÍ,632,365,30,85,0,15,100,65,25,0,55,0,75,75,0,30,10,30,0,75,65,0,35,5,0,5,5,5.7,14.9,5.1,82.4,10875.6,7452,6.3,62.9,0.0,11.3,0.0,25.8,1143,4733,4733.0,4387.0,581,55948,0.0,35.7,50.0,14.3,48.8,16.3,27.9,7.0,0.0,0.0,6.7,26.7,13.3,0.0,46.7,6.6,15768.0,0.0,0.0,177730.01,12040.0,1914268,2294600.63,2294600.63,43298.71,138708.0,8555.91,0.0,33.0,5.0,477087.65,57864.1,38.0,534951.75,0.0,0.0,73512.24,104476.38,13145927.46,1860467.35,362.05,238169.75,0.0,178573.59,0.0,313343.39,146813.8,0.0,0.0,2393806.36,10414076.93,8020270.57,7709544.81,0.0,3381104.64,7709544.81,2393806.36,10414076.93,3866463.76,14483223.69,6093442.15,2002653.35,4090788.8,16224905.53,0.0,0.0,178573.59,5.2851553
2023,2201101,AVELINO LOPES,759,310,5,20,5,35,5,25,25,0,55,25,45,40,0,30,15,20,0,45,5,0,10,10,0,0,15,4.6,20.4,8.5,97.2,11700.46,10866,12.4,73.4,0.0,23.6,0.0,3.0,1586,2830,2830.0,3138.0,440,79454,0.0,33.3,55.6,11.1,44.2,11.6,25.6,16.3,2.3,0.0,30.0,40.0,10.0,20.0,0.0,0.0,0.0,43344.44,0.0,215889.68,28068.1,0,492486.97,492486.97,87173.87,143598.0,13773.95,3983.37,256.0,26.0,3831177.81,378630.27,282.0,4209808.08,478121.77,343471.7,644601.14,917838.13,17527892.74,1822694.71,577.94,212827.87,0.0,163426.95,0.0,568791.08,155522.14,1684427.11,0.0,3599777.2,11177165.88,7577388.68,11442235.07,165175.06,3366121.94,11442235.07,3599777.2,11177165.88,5711899.6,16027081.5,4369039.07,3716597.63,410370.13,22029254.77,0.0,0.0,163426.95,5.4727445
2023,2201150,BAIXA GRANDE DO RIBEIRO,1276,575,370,55,5,260,40,70,5,0,80,0,65,65,0,40,20,45,0,65,0,0,35,5,0,10,20,5.8,21.6,8.2,60.0,200215.82,13272,6.2,47.0,0.6,7.7,5.5,39.2,1097,383157,383157.0,3221423.0,752,71723,0.0,28.6,57.1,14.3,25.9,39.3,19.1,13.5,2.2,0.0,0.0,42.9,21.4,21.4,14.3,0.0,0.0,0.0,0.0,208193.91,20356.6,455000,824508.56,824508.56,66705.05,74253.0,0.0,0.0,52.0,8.0,682220.08,126144.0,60.0,808364.08,44169.05,3974855.25,4364017.98,2837481.89,17527892.74,70500510.48,3268.44,1029630.08,0.0,282984.55,472.56,707624.87,180659.74,884891.43,0.0,18386015.59,17126994.01,-1259021.58,10629423.67,95680.99,5199296.68,10629423.67,18386015.59,17126994.01,30287231.31,24250628.28,7050824.86,6050824.86,1000000.0,33680929.42,0.0,23.0,282984.55,5.5067635
2023,2201176,BARRA D'ALCÂNTARA,293,135,5,75,0,65,0,35,5,0,30,5,35,35,5,35,10,25,0,35,0,5,25,5,0,5,15,6.1,21.5,4.3,92.9,11832.45,3995,2.4,47.1,0.0,41.2,5.9,5.8,395,688,688.0,1032.0,225,26730,0.0,0.0,71.4,28.6,42.8,14.3,0.0,28.6,14.3,0.0,0.0,71.4,14.3,0.0,14.3,0.0,,,0.0,146416.67,12000.0,507135,793354.28,793354.28,34038.61,88164.0,5600.0,0.0,,,,,,,31169.45,420.0,203939.55,313790.29,14145919.56,1714484.15,129.42,57588.47,0.0,63798.55,2580.0,95985.6,56991.72,0.0,0.0,2636691.6,3604150.6,967459.0,2133543.64,0.0,1364245.37,2133543.64,2636691.6,3604150.6,4605301.9,4323644.49,1025362.47,853815.47,171547.0,7066964.96,0.0,0.0,63798.55,5.8325257
2023,2201200,BARRAS,3374,1905,635,330,85,360,85,444705,20,15,130,105,250,255,30,105,130,185,5,250,5,15,85,35,15,25,45,5.6,17.5,7.7,85.1,14048.62,47938,4.0,59.4,1.9,19.4,1.1,18.2,3752,6182,6182.0,17875.0,2996,183933,0.0,55.6,37.0,7.4,25.0,11.2,36.5,20.1,4.0,3.2,3.6,23.6,3.6,61.8,3.6,3.8,515067.08,36744.44,0.0,670178.98,128606.23,5200000,6625997.86,6625997.86,292020.84,218598.0,47382.64,69211.17,1288.0,328.0,19485824.07,5344799.2,1616.0,24830623.27,379871.29,357160.23,2164706.96,5183850.71,43819731.84,6886801.76,1512.98,963673.75,0.0,864435.58,0.0,2390590.8,970944.08,418.16,0.0,9359016.84,53929703.4,44570686.56,52756769.45,473172.35,16415130.98,52756769.45,,53929703.4,20561835.26,77049666.68,41799755.51,17929910.37,22835303.34,80963992.77,0.0,0.0,864435.58,5.982246
2023,2201309,BARREIRAS DO PIAUÍ,248,185,0,20,5,115,5,65,15,0,20,0,60,55,5,10,5,10,0,60,0,0,0,5,0,5,5,4.1,16.7,7.7,90.9,42138.94,3264,35.1,73.9,0.0,8.0,9.1,9.0,964,13649,13649.0,108927.0,68,15618,25.0,50.0,0.0,25.0,90.9,9.1,0.0,0.0,0.0,0.0,66.7,8.3,25.0,0.0,0.0,0.0,0.0,0.0,0.0,197991.75,12000.0,825000,1195783.75,1195783.75,19600.0,141192.0,0.0,0.0,31.0,1.0,426009.64,7920.0,32.0,433929.64,1495.98,101027.31,230210.07,2842.34,13145919.61,5640373.92,368.29,47245.87,0.0,43034.95,0.0,1.74,21829.64,0.0,0.0,3424860.44,2872868.38,-551992.06,2019964.31,24147.35,866756.45,2019964.31,3424860.44,2872868.38,5611366.71,4731305.97,1271765.6,456037.16,815728.44,5996453.72,0.0,0.0,43034.95,4.291585
2023,2201408,BARRO DURO,396,260,0,40,0,125,20,10,15,0,45,5,35,35,10,25,5,30,10,35,0,0,15,15,0,25,10,5.4,19.5,6.6,70.4,15795.87,6640,9.3,45.6,0.0,27.8,0.0,26.6,416,1331,1313.0,8123.0,72,19904,0.0,25.0,75.0,0.0,25.8,16.1,32.3,16.1,0.0,9.7,25.0,37.5,12.5,25.0,0.0,0.0,148440.0,0.0,0.0,140254.8,25472.6,0,336685.18,336685.18,41703.23,122787.0,6467.55,0.0,83.0,15.0,1181582.26,222064.4,98.0,1403646.66,11713.4,33122.62,183825.09,1637164.21,13145919.56,2064529.27,211.71,215761.6,0.0,83437.83,11.39,260055.07,45088.8,0.0,0.0,2849608.59,5547058.84,2697450.25,5818212.46,65982.92,1690963.76,5818212.46,2849608.59,5547058.84,4578591.57,8016645.38,2135630.39,1284551.69,851078.7,11679878.76,0.0,0.0,83437.83,5.0821986
2023,2201507,BATALHA,1643,995,225,105,70,175,55,80,60,5,95,105,145,145,15,65,85,110,5,145,0,0,75,20,0,5,30,4.9,16.9,7.5,82.7,11641.69,26300,18.1,45.8,5.2,27.8,1.9,19.3,4351,4306,4306.0,5728.0,3894,311352,9.1,33.3,54.5,3.1,53.3,9.2,14.2,13.3,3.3,6.7,33.3,21.2,6.1,33.3,3.0,3.1,110378.2,2604.0,0.0,392525.2,31733.15,690000,1657681.01,1657681.01,196261.4,222783.0,32013.71,92364.55,406.0,127.0,6075722.39,1960667.58,533.0,8036389.97,10167.72,58577.76,1375685.59,2082673.28,30673812.25,3769962.07,984.29,471182.53,0.0,375631.05,4034.79,1036534.49,541647.47,0.0,0.0,6434599.78,23093757.51,16659157.73,19270411.3,159356.78,7078303.14,19270411.3,6434599.78,23093757.51,13189112.29,31609637.56,6426258.78,886989.06,5539269.72,41080678.51,0.0,0.0,375631.05,4.960058
2023,2201556,BELA VISTA DO PIAUÍ,271,125,45,35,5,55,150,30,5,0,20,0,30,30,25,30,20,30,0,30,0,0,5,10,0,5,0,6.8,24.1,4.8,100.0,15468.75,4091,2.2,60.0,15.0,25.0,0.0,0.0,3392,2261,2261.0,3443.0,122,51184,0.0,50.0,33.3,16.7,0.0,0.0,66.7,33.3,0.0,0.0,33.3,33.3,16.7,16.7,0.0,0.0,0.0,0.0,0.0,153923.75,12000.0,950000,1279722.39,1279722.39,30875.64,127323.0,5600.0,0.0,31.0,1.0,422068.92,15768.0,32.0,437836.92,4752.23,0.0,360423.57,366345.3,13145919.66,1112334.79,113.56,22503.73,0.0,52225.99,0.0,78744.8,71153.17,0.0,0.0,2615887.08,728899.32,-1886987.76,3804754.81,0.0,3526449.87,3804754.81,2615887.08,728899.32,4525474.42,3506318.67,1377960.86,807091.85,367245.34,5267633.17,0.0,0.0,52225.99,6.174895
2023,2201572,BELÉM DO PIAUÍ,214,295,180,30,0,220,0,110,5,0,55,5,55,55,0,35,20,30,0,55,0,5,20,5,0,25,5,6.8,16.0,8.8,93.3,13883.53,3423,0.0,74.4,0.0,21.1,0.0,4.5,1087,2293,1893.0,716.0,51,26075,10.0,40.0,50.0,0.0,6.7,53.3,20.0,6.7,0.0,13.3,36.4,18.2,18.2,9.1,18.1,0.0,0.0,0.0,0.0,153923.75,12160.0,3110000,3390957.11,3390957.11,31069.94,74469.0,5600.0,3734.42,24.0,3.0,329972.88,49945.07,27.0,379917.95,17791.45,5172.5,196060.14,749086.7,13145919.56,1511888.38,85.65,117220.71,0.0,90797.43,0.0,199769.59,46077.01,0.0,0.0,2719120.49,5103051.0,2383930.51,4185333.43,80702.34,1553041.48,4185333.43,2719120.49,5103051.0,4389032.12,6721819.59,2679706.3,1587839.84,1091866.46,9016167.23,0.0,0.0,90797.43,6.30904
2023,2201606,BENEDITINOS,731,535,210,70,0,100,75,80,45,0,70,40,100,100,25,60,30,85,0,100,10,5,70,25,0,25,30,6.3,13.8,8.0,93.8,11911.09,9929,8.1,74.9,4.3,16.7,0.0,4.1,358,1703,1703.0,4859.0,1115,67165,4.8,23.8,61.9,9.5,15.8,28.6,25.4,20.6,4.8,4.8,23.8,19.0,14.3,38.1,0.0,4.8,15768.0,0.0,0.0,196808.9,20494.49,1850000,2299183.32,2299183.32,72818.91,147642.0,11419.02,0.0,109.0,15.0,1558843.89,212833.22,124.0,1771677.11,110870.09,66992.09,287318.23,481023.95,17527892.74,2052759.45,349.34,173844.06,0.0,197390.04,2820.0,369954.0,159934.81,427266.97,0.0,3191871.71,10994895.82,7803024.11,6723281.4,200000.0,3349924.76,6723281.4,3191871.71,10994895.82,5432348.0,14584994.11,2285979.08,1808127.73,477851.35,19602855.51,0.0,0.0,197390.04,5.683756
2023,2201705,BERTOLÍNIA,387,255,60,20,10,40,100,40,10,5,40,5,35,40,0,30,10,20,0,35,0,0,5,10,5,5,15,4.9,14.3,8.1,91.1,16332.93,5562,20.7,54.4,0.0,27.0,1.2,17.4,1225,821,821.0,1394.0,91,37253,0.0,45.5,54.5,0.0,27.6,3.4,39.7,27.6,0.0,1.7,18.2,9.1,36.4,36.3,0.0,0.0,0.0,0.0,0.0,189016.17,12000.0,0,341821.43,341821.43,30714.26,110091.0,0.0,0.0,45.0,14.0,595621.87,153936.0,59.0,749557.87,0.0,462.54,635872.2,1000.0,13145919.56,1414870.37,386.22,159767.1,0.0,79387.14,0.0,201260.8,30400.09,0.0,0.0,2413209.51,4855253.51,2442044.0,2691250.03,12501.59,1482053.32,2691250.03,2413209.51,4855253.51,4270660.18,5673691.53,1976034.35,1002802.0,973232.35,8288835.12,0.0,0.0,79387.14,4.598353
2023,2201739,BETÂNIA DO PIAUÍ,531,255,0,45,10,20,75,60,35,0,20,0,35,35,0,20,20,25,0,35,0,0,15,0,0,5,15,4.8,18.1,8.2,95.2,19313.04,6220,10.0,64.8,0.4,22.6,4.3,7.9,1573,4080,1480.0,1739.0,337,48987,0.0,0.0,42.9,57.1,2.4,22.0,51.2,12.2,7.3,4.9,0.0,57.1,14.3,0.0,28.6,0.0,0.0,0.0,0.0,179283.69,12000.0,1000000,1280965.98,1280965.98,51600.79,29604.0,8477.5,0.0,22.0,3.0,286609.11,47304.0,25.0,333913.11,31582.99,40780.58,1904764.5,851359.69,13145919.56,1370731.44,357.34,205697.54,0.0,119652.53,1.55,358338.42,166120.55,0.0,0.0,2709121.68,7439923.23,4730801.55,3942972.43,88361.09,2271001.92,3942972.43,2709121.68,7439923.23,6172921.48,9049739.15,2068064.56,1449824.78,618239.78,13448434.78,0.0,0.0,119652.53,5.281959
2023,2201770,BOA HORA,493,325,125,20,0,25,0,25,5,0,30,0,80,80,45,30,5,15,0,15,65,0,0,5,5,10,10,4.5,17.9,4.4,73.5,11296.52,6902,11.2,50.7,0.0,26.7,0.0,22.6,294,1748,1748.0,8116.0,450,31809,0.0,5.9,52.9,41.2,32.1,10.7,14.3,30.4,8.9,3.6,23.5,11.8,23.5,23.5,17.7,0.0,0.0,0.0,0.0,125430.97,29154.46,100000,446399.19,446399.19,43548.41,141057.0,7208.35,0.0,22.0,0.0,314224.64,1320.0,22.0,315544.64,5272.2,152581.52,300681.81,571720.3,13365022.93,1053252.75,318.87,106119.47,0.0,222545.1,0.0,79812.0,97017.52,0.0,0.0,2624454.44,10836639.8,8212185.36,2160279.89,0.0,1516024.35,2160279.89,2624454.44,10836639.8,3917471.52,9696372.41,1561394.4,695142.76,866251.64,12918018.37,0.0,0.0,222545.1,4.9236803
2023,2201804,BOCAINA,178,175,140,35,0,115,0,30,0,0,25,0,50,50,0,30,10,45,0,50,0,0,15,5,0,5,10,5.1,13.9,4.0,89.5,13152.78,4078,2.8,73.6,0.0,11.1,6.9,8.4,875,1133,1133.0,1506.0,73,26303,0.0,0.0,60.0,40.0,61.1,11.1,0.0,16.7,11.1,0.0,40.0,40.0,10.0,0.0,10.0,0.0,63072.88,0.0,0.0,139909.54,12000.0,305000,497557.77,497557.77,32140.75,0.0,5600.0,2907.48,69.0,3.0,1017215.31,36852.0,72.0,1054067.31,828.95,1012.0,449918.78,134231.6,13145919.56,849590.53,173.13,101655.38,0.0,46604.01,0.0,103014.0,32414.15,807135.09,0.0,2583563.95,2805634.27,222070.32,1584388.67,0.0,848587.41,1584388.67,2583563.95,2805634.27,3744586.16,4317315.06,1133103.91,873645.42,259458.49,5317767.35,0.0,0.0,46604.01,5.6854324
2023,2201903,BOM JESUS,2180,880,435,185,60,970,45,120,20,5,125,15,110,105,40,100,50,90,5,105,0,5,60,35,15,40,30,7.3,23.0,8.8,92.0,57705.04,28796,6.1,79.2,0.0,10.5,0.0,10.3,2403,115424,115424.0,927132.0,541,85134,0.0,48.0,48.0,4.0,12.8,21.6,42.4,14.4,4.8,4.0,28.6,32.1,10.7,17.9,7.1,3.6,155040.88,0.0,0.0,263859.44,59285.1,2514268,3264376.05,3264376.05,101383.95,247482.0,13367.69,64729.87,1117.0,188.0,16722550.09,2778248.2,1305.0,19500798.29,410551.99,2055270.83,9087161.58,3494089.32,30673812.25,43841641.81,2672.13,3279004.86,0.0,406767.95,0.0,1375043.6,255963.85,0.0,0.0,15163644.91,27658117.13,12494472.22,24804212.66,418919.77,8399990.96,24804212.66,15163644.91,27658117.13,24197955.1,36606476.97,7854320.21,5806073.71,2048246.5,52435105.3,0.0,0.0,406767.95,6.0927796
2023,2201919,BOM PRINCÍPIO DO PIAUÍ,448,300,45,30,0,270,0,50,30,0,15,0,105,105,20,50,10,45,0,15,90,0,30,15,0,15,10,4.8,13.0,5.6,81.8,14666.17,5636,13.4,39.4,11.7,21.6,8.2,19.1,977,7512,7512.0,20866.0,598,24134,5.0,20.0,55.0,20.0,72.7,9.1,3.0,6.1,3.0,6.1,47.6,33.3,4.8,14.3,0.0,0.0,15768.0,0.0,0.0,144442.97,12000.0,1925891,2276557.41,2276557.41,39485.02,148146.0,6592.42,0.0,39.0,4.0,549494.13,68280.38,43.0,617774.51,1339.02,21227.9,223693.2,314404.56,12619741.69,1792273.59,174.81,197409.21,0.0,98968.45,0.0,205357.0,88781.24,386430.09,0.0,2739445.92,6100269.58,3360823.66,3396778.38,4621.03,1866002.74,3396778.38,2739445.92,6100269.58,3902122.52,6685632.05,1640772.28,237397.0,1403375.28,9461455.64,0.0,0.0,98968.45,5.04974
2023,2201929,BONFIM DO PIAUÍ,447,210,10,25,0,95,0,25,15,0,25,0,40,40,0,30,30,40,0,35,0,5,10,5,5,5,5,4.3,21.3,4.8,93.5,11517.94,5913,8.1,41.4,0.0,56.2,0.0,2.4,3798,2564,1505.0,1042.0,48,57161,0.0,14.3,85.7,0.0,17.4,0.0,10.3,65.5,3.4,3.4,25.0,12.5,37.5,12.5,12.5,0.0,0.0,0.0,0.0,152161.79,12080.0,310000,670727.2,670727.2,41990.96,147735.0,6759.45,0.0,91.0,7.0,1386411.33,112998.0,98.0,1499409.33,183.75,6067.73,245074.87,388164.97,13145919.56,1759430.68,134.27,146077.28,0.0,87322.11,1649.89,126205.27,152205.7,0.0,0.0,2774452.01,4877655.75,2103203.74,3237933.01,53651.69,1488175.36,3237933.01,2774452.01,4877655.75,4468021.07,6952016.39,1923961.31,419844.83,1467086.63,8448519.21,0.0,0.0,87322.11,5.0508537
2023,2201945,BOQUEIRÃO DO PIAUÍ,484,305,205,25,0,45,50,25,5,0,30,5,55,55,0,40,20,15,0,55,0,0,15,10,0,10,5,5.3,17.0,7.0,89.1,10301.58,6545,8.1,66.3,3.4,19.2,2.4,8.7,246,1010,1010.0,2897.0,1086,28634,8.3,8.3,66.7,16.7,16.0,10.0,28.0,32.0,8.0,6.0,16.7,16.7,16.7,8.3,41.6,0.0,0.0,0.0,0.0,119456.72,12000.0,575000,899030.2,899030.2,42471.91,142920.0,7181.57,0.0,53.0,8.0,822623.57,105114.0,61.0,927737.57,100.0,3144.1,558793.21,606615.12,13438736.07,1127485.09,180.0,168559.34,0.0,114551.43,0.0,193883.6,64778.33,1459.6,0.0,2619993.04,6778840.59,4158847.55,4515917.51,15160.37,2066276.39,4515917.51,2619993.04,6778840.59,4353572.88,8940744.94,2868961.73,1427317.99,1441643.74,10172673.96,0.0,0.0,114551.43,5.160414
2023,2201960,BRASILEIRA,540,320,145,50,0,170,55,40,55,0,15,10,45,45,10,35,25,30,10,35,5,0,25,10,0,15,25,5.5,20.2,7.4,85.7,11986.39,8436,3.7,57.9,0.0,19.6,10.5,12.0,1330,1152,1152.0,1854.0,748,53269,12.5,50.0,37.5,0.0,17.0,2.1,23.4,44.7,8.5,4.3,0.0,22.2,11.1,22.2,33.3,11.2,0.0,0.0,0.0,187885.26,20963.35,100000,515973.71,515973.71,50446.25,145962.0,6733.48,3983.37,67.0,13.0,1051399.15,210214.79,80.0,1261613.94,1735.0,1740.0,6735306.45,781218.67,13145919.56,2483466.51,373.34,478996.54,0.0,120857.02,2181.68,365403.2,90380.32,0.0,0.0,2987609.07,7667948.29,4680339.22,8384397.25,0.0,2315744.79,8384397.25,2987609.07,7667948.29,7613198.35,11425564.84,4155687.74,1406032.25,2749655.49,15185256.91,0.0,0.0,120857.02,5.8326387
2023,2201988,BREJO DO PIAUÍ,287,190,85,40,0,115,75,55,5,0,30,0,35,40,10,20,10,20,5,30,0,0,10,0,0,0,0,5.4,19.4,7.1,65.0,14845.3,3904,11.5,54.5,0.0,4.5,0.0,41.0,1594,1579,1579.0,2210.0,191,54928,0.0,28.6,42.9,28.5,22.2,38.9,27.8,11.1,0.0,0.0,50.0,25.0,12.5,12.5,0.0,0.0,0.0,0.0,0.0,195110.58,12080.0,2214673,2597458.73,2597458.73,33459.15,136536.0,5600.0,0.0,5.0,0.0,44736.0,0.0,5.0,44736.0,3052.84,118967.04,646372.44,589050.28,13145919.56,2632862.35,437.61,54295.51,0.0,65532.13,1472.18,190504.92,70960.69,410.04,0.0,2925053.41,4108735.7,1183682.29,3743328.39,21521.89,1242295.33,3743328.39,2925053.41,4108735.7,4343066.51,6953901.99,2741616.84,1507590.48,247788.48,7833926.09,0.0,0.0,65532.13,5.058075
2023,2202000,BURITI DOS LOPES,1537,885,510,100,5,260,415,115,80,0,95,85,135,135,5,105,40,80,5,135,0,0,40,15,0,10,30,5.5,17.6,7.4,75.9,14064.64,19654,8.3,63.0,2.8,8.1,0.0,26.1,2011,5758,5758.0,26104.0,3854,201011,14.3,64.3,17.9,3.5,42.8,12.6,21.0,14.3,5.9,3.4,6.9,34.5,20.7,20.7,17.2,0.0,189224.7,31536.44,0.0,241582.26,24824.48,1035000,1570429.78,1570429.78,110187.54,72579.0,21526.63,64729.87,378.0,61.0,5635622.07,934204.14,439.0,6569826.21,184608.48,40928.01,1746769.05,2327694.34,26291839.09,3616196.11,782.14,694592.09,0.0,345429.22,0.0,538367.4,292654.83,1002233.64,0.0,5637297.7,20301622.57,14664324.87,13453759.04,83598.72,6218215.41,13453759.04,5637297.7,20301622.57,10809321.57,28205788.6,6238537.29,3954587.63,2283949.66,35626825.02,0.0,0.0,345429.22,5.387485
2023,2202026,BURITI DOS MONTES,486,410,40,45,15,160,125,10,5,0,25,650,50,50,0,40,35,30,5,40,0,0,35,20,5,10,15,7.3,12.5,6.9,96.7,13272.71,7434,1.0,55.7,0.0,41.2,1.0,2.1,2482,2275,2275.0,2832.0,1743,70939,0.0,10.0,50.0,40.0,14.8,9.8,44.3,31.1,0.0,0.0,0.0,0.0,0.0,10.0,70.0,20.0,31536.0,0.0,0.0,195002.32,12000.0,1125000,1447004.37,1447004.37,55661.48,50220.0,9120.57,0.0,35.0,4.0,511303.93,64393.01,39.0,575696.94,75521.75,0.0,555466.19,1163698.71,13145919.56,3227273.23,558.01,74002.26,0.0,205286.26,0.0,431612.2,136700.73,1044990.96,0.0,2983614.25,11470236.77,8486622.52,13286579.87,86552.71,3477752.73,13286579.87,2983614.25,11470236.77,6170013.66,17234544.35,6836737.29,3737761.81,3098975.48,21161769.32,0.0,0.0,205286.26,6.441759
2023,2202059,CABECEIRAS DO PIAUÍ,587,430,105,55,0,25,65,90,0,0,80,20,85,85,0,15,75,80,5,75,0,0,0,10,0,5,15,5.7,17.3,7.0,97.5,10557.84,10212,2.2,68.8,0.0,28.0,0.0,3.2,692,1487,1487.0,2868.0,1352,83602,11.8,5.9,70.6,11.7,15.4,51.3,12.8,17.9,0.0,2.6,29.4,0.0,17.6,47.1,5.9,0.0,0.0,0.0,0.0,135245.76,20784.08,2500000,2879997.76,2879997.76,73332.4,139110.0,11525.52,0.0,66.0,8.0,959463.54,133992.0,74.0,1093455.54,68037.18,0.0,293284.02,441056.25,17919067.66,1735322.73,545.26,534016.89,0.0,128047.34,0.0,294730.0,241517.42,0.0,0.0,3538384.77,11914358.02,8375973.25,2597340.09,0.0,387153.88,2597340.09,3538384.77,11914358.02,6215646.56,11742558.03,2226973.15,345062.0,1881911.15,16354036.76,0.0,0.0,128047.34,6.033909
2023,2202075,CAJAZEIRAS DO PIAUÍ,191,205,55,30,5,40,135,105,0,0,55,50,55,55,0,20,15,20,0,35,0,0,20,10,0,5,15,4.9,14.2,7.0,66.7,14683.77,3108,4.7,72.5,0.0,3.8,0.0,23.7,495,733,733.0,794.0,98,30922,18.2,45.5,27.3,9.0,40.0,53.3,0.0,6.7,0.0,0.0,36.4,9.1,9.1,36.4,9.0,0.0,0.0,0.0,0.0,146503.5,12000.0,2464268,2661109.81,2661109.81,30800.0,0.0,5600.0,1938.31,16.0,0.0,243147.29,0.0,16.0,243147.29,500.0,100.0,310474.64,2775.19,13439300.76,1022529.32,178.72,292336.71,0.0,41528.1,0.0,95882.6,43257.29,0.0,0.0,2656942.9,2531072.44,-125870.46,1039427.19,967.54,770139.68,1039427.19,2656942.9,2531072.44,5171044.77,2743337.15,411582.89,220590.98,183791.91,7143104.4,0.0,0.0,41528.1,5.1805706
2023,2202083,CAJUEIRO DA PRAIA,625,300,90,15,5,80,0,5,5,0,50,0,20,50,0,50,10,20,0,45,0,0,0,5,0,5,30,6.4,23.1,5.7,84.4,19161.91,7957,8.2,54.8,3.7,26.3,4.1,11.1,427,2451,2451.0,6136.0,432,23706,22.2,0.0,77.8,0.0,2.6,5.3,28.9,55.3,7.9,0.0,0.0,50.0,30.0,0.0,20.0,0.0,0.0,0.0,0.0,174178.46,12000.0,750000,1138216.13,1138216.13,58037.67,144000.0,0.0,0.0,51.0,24.0,743891.56,404658.55,75.0,1148550.11,490426.76,1073087.57,2072658.42,1526277.97,13439300.76,3018922.84,484.97,170681.86,0.0,131286.96,0.0,282946.68,131044.82,0.0,0.0,3032180.73,8101478.59,5069297.86,6025768.44,64929.88,2454621.28,6025768.44,3032180.73,8101478.59,6087007.02,9961701.49,3373357.16,2735551.73,637805.43,14300547.7,0.0,0.0,131286.96,5.498975
2023,2202091,CALDEIRÃO GRANDE DO PIAUÍ,327,305,105,40,5,230,0,5,0,0,20,0,40,40,0,20,25,20,0,40,0,0,10,15,0,15,15,7.2,18.5,6.4,94.1,44297.15,5503,2.4,75.6,0.0,15.1,0.0,9.3,777,12100,12100.0,70910.0,118,46328,0.0,0.0,87.5,12.5,6.2,37.5,50.0,6.3,0.0,0.0,25.0,0.0,12.5,50.0,12.5,0.0,0.0,0.0,0.0,152060.99,12000.0,400000,760564.88,760564.88,41328.69,149112.0,6063.2,0.0,34.0,5.0,483693.03,78840.5,39.0,562533.53,21643.84,5784.02,3159285.92,771545.27,13145919.56,16905294.19,212.87,166895.9,0.0,86512.72,298.34,202732.39,87976.85,0.0,0.0,5808998.16,5335643.18,-473354.98,3490573.35,39271.38,1611264.59,3490573.35,5808998.16,5335643.18,8990790.26,6309953.87,1353095.16,747666.18,605428.98,10901942.5,0.0,0.0,86512.72,6.3360596
2023,2202109,CAMPINAS DO PIAUÍ,324,430,20,15,0,100,65,70,5,0,35,15,80,80,0,25,10,35,5,70,0,0,10,30,0,5,0,5.5,5.3,8.6,66.2,15233.16,4938,8.3,46.4,0.0,11.5,0.0,42.1,3074,2305,2305.0,3703.0,336,75770,6.3,12.5,62.5,18.7,36.8,1.5,48.5,5.9,4.4,2.9,0.0,0.0,0.0,18.8,81.2,0.0,0.0,0.0,0.0,191509.98,21334.3,325000,702137.61,702137.61,47243.25,109384.5,7665.58,0.0,34.0,5.0,426027.52,77538.28,39.0,503565.8,7036.21,9705.2,218136.04,22.2,13145919.55,1087770.22,251.32,88401.16,0.0,151499.89,0.0,229662.8,61597.3,0.0,0.0,2393519.7,8005521.74,5612002.04,9839972.91,0.0,2442025.81,9839972.91,2393519.7,8005521.74,3936329.76,12527600.05,3848309.06,2048309.06,1800000.0,15588174.84,0.0,0.0,151499.89,5.1652308
2023,2202117,CAMPO ALEGRE DO FIDALGO,352,195,0,15,0,80,0,25,0,0,20,10,55,55,0,15,5,30,0,35,50,5,5,0,0,5,10,4.4,15.8,7.0,70.6,13472.82,4616,19.6,40.0,5.3,28.7,0.0,26.0,817,2225,2225.0,319.0,275,48672,0.0,36.4,36.4,27.2,11.9,17.6,44.1,23.5,0.0,2.9,36.4,9.1,0.0,54.5,0.0,0.0,0.0,0.0,0.0,178416.52,20990.93,300000,644670.76,644670.76,36945.04,102369.0,5949.27,0.0,42.0,3.0,562635.35,22368.16,45.0,585003.51,39535.32,9377.93,280045.53,524927.39,13146852.0,792749.04,71303.53,116871.65,0.0,97170.57,0.0,152872.73,110194.73,0.0,0.0,2393841.85,5414190.24,3020348.39,2011052.43,8644.8,1656467.09,2011052.43,2393841.85,5414190.24,4423314.38,7071625.01,1828764.53,778764.53,1050000.0,7936134.98,0.0,0.0,97170.57,4.697487
2023,2202133,CAMPO GRANDE DO PIAUÍ,401,200,105,55,15,40,95,45,10,0,30,0,45,45,5,40,40,30,0,45,0,0,25,0,0,5,0,7.0,17.4,6.1,96.7,12831.1,6020,2.7,68.8,0.0,26.5,0.0,4.7,2618,3250,3250.0,3033.0,35,31439,11.1,22.2,66.7,0.0,10.1,6.7,43.3,33.3,3.3,3.3,0.0,66.7,33.3,0.0,0.0,0.0,15768.0,0.0,0.0,132647.66,12000.0,300000,636771.64,636771.64,40846.57,144666.0,6611.41,0.0,43.0,2.0,553457.07,45984.0,45.0,599441.07,44877.22,22733.34,185138.22,429908.8,13145919.56,1004463.05,197.21,210828.87,0.0,86190.79,0.0,146312.33,90617.54,0.0,0.0,2587774.61,5334072.9,2746298.29,3624871.13,91576.27,1609339.25,3624871.13,2587774.61,5334072.9,4007900.93,7483663.12,1754636.53,733545.89,1021090.64,8406137.38,0.0,0.0,86190.79,6.1699295
2023,2202174,CAMPO LARGO DO PIAUÍ,583,350,30,25,0,40,0,0,0,0,50,15,75,85,0,35,10,10,0,75,0,0,5,0,0,0,20,4.0,21.4,6.4,87.5,10901.91,7419,5.1,78.0,4.7,5.3,0.0,12.0,677,831,696.0,1677.0,762,56337,0.0,25.0,62.5,12.5,27.5,20.0,5.0,35.0,7.5,5.0,35.3,11.8,5.9,17.6,29.4,0.0,0.0,0.0,0.0,135777.23,21487.36,200000,539131.41,539131.41,56279.58,117243.0,8344.24,0.0,36.0,11.0,545357.95,143288.2,47.0,688646.15,1610.0,1550.0,649231.16,1200055.34,13145919.56,994098.89,308.43,76998.42,0.0,177793.52,12231.62,463561.54,186317.4,83119.29,0.0,2610195.06,10991133.63,8380938.57,9033827.04,108238.41,3338320.28,9033827.04,2610195.06,10991133.63,4448069.65,14979968.37,4322598.0,2497414.18,1762725.75,18335717.83,0.0,0.0,177793.52,5.415991
2023,2202208,CAMPO MAIOR,2566,1505,1095,444710,35,1250,280,220,95,5,185,50,180,190,15,145,100,145,25,185,0,10,85,65,20,60,65,6.3,19.9,8.3,95.5,20544.67,45793,5.3,81.9,2.0,8.9,1.5,5.7,5263,2804,2804.0,5584.0,5679,261874,0.0,20.0,72.5,7.5,22.4,25.1,30.6,15.7,3.1,3.1,13.6,11.4,6.8,61.4,6.8,0.0,1263798.6,15768.0,0.0,562440.29,82948.33,250000,1441021.0,1441021.0,294528.91,112482.0,46007.94,92613.53,1770.0,854.0,26443356.51,12934035.39,2624.0,39377391.9,1314713.75,376204.07,4915134.21,11631205.9,43819731.84,12398693.06,3513.33,2624275.64,0.0,710037.66,0.0,1282570.54,264631.66,281594.77,0.0,8833708.93,39755308.74,30921599.81,28942697.52,148747.78,12477468.39,28942697.52,8833708.93,39755308.74,19341216.3,54836496.73,21180456.39,9120456.39,12060000.0,59842722.69,0.0,0.0,710037.66,5.9696136
2023,2202251,CANAVIEIRA,241,280,75,35,0,50,75,120,0,0,25,0,45,45,25,30,35,40,15,30,35,0,0,5,0,5,5,4.9,19.0,7.5,100.0,15240.82,3414,17.8,86.6,0.0,13.4,0.0,0.0,679,1558,1558.0,2533.0,304,36436,11.1,11.1,44.4,33.4,21.1,26.3,5.3,36.8,0.0,10.5,44.4,22.2,22.2,11.2,0.0,0.0,0.0,0.0,0.0,197636.73,12000.0,425000,731183.64,731183.64,25816.91,65130.0,5600.0,0.0,10.0,7.0,94848.07,81518.14,17.0,176366.21,30198.63,14067.09,158477.86,416950.97,13145374.99,2076164.62,369.68,32062.38,0.0,55219.82,0.0,160257.4,40412.37,0.0,0.0,2808696.58,3578423.02,769726.44,1996518.75,0.0,1084429.47,1996518.75,2808696.58,3578423.02,4570297.61,3958816.13,1668085.57,833537.44,834548.13,5850743.46,0.0,0.0,55219.82,5.071172
2023,2202307,CANTO DO BURITI,1144,710,235,75,5,220,100,80,20,0,120,60,110,110,30,75,30,75,5,110,0,5,55,5,10,20,15,4.4,18.2,7.2,74.1,17710.9,19365,16.8,52.6,1.0,17.8,0.8,27.8,4370,11353,11271.0,49532.0,269,99551,0.0,40.0,52.0,8.0,23.0,15.9,30.1,25.7,3.5,1.8,28.0,48.0,12.0,8.0,4.0,0.0,232564.48,0.0,0.0,307871.44,37593.8,400000,1167378.27,1167378.27,135004.66,205317.0,16861.5,64729.87,818.0,270.0,12267087.59,4062017.0,1088.0,16329104.59,194565.84,93048.03,1242765.09,1505493.54,26291839.09,9886882.01,1654.44,916073.12,0.0,231424.98,0.0,763632.7,255855.91,0.0,0.0,7214627.19,15494679.93,8280052.74,17106654.04,64427.46,4698278.15,17106654.04,7214627.19,15494679.93,11072300.03,22843269.56,8627201.99,5451038.42,3176163.57,29815211.21,0.0,0.0,231424.98,4.7516975
2023,2202406,CAPITÃO DE CAMPOS,746,575,375,70,0,50,10,40,45,0,25,15,90,95,10,80,30,60,0,95,0,0,30,25,0,0,35,5.3,16.7,8.1,81.4,11984.82,11100,6.2,58.3,0.0,15.7,1.9,24.1,824,2276,2276.0,3752.0,426,51285,33.3,16.7,50.0,0.0,46.7,2.6,13.0,32.5,2.6,2.6,14.3,28.6,19.0,19.0,19.1,0.0,0.0,0.0,0.0,174036.26,12000.0,450000,833508.06,833508.06,76773.49,108045.0,12653.31,0.0,156.0,19.0,2370682.1,291696.4,175.0,2662378.5,38536.6,184.45,413835.74,1651089.06,19645829.0,2285671.34,97.32,158626.16,0.0,270679.41,0.0,484030.72,80838.32,268381.35,0.0,3622920.84,20325476.02,16702555.18,3375204.13,0.0,412011.87,3375204.13,3622920.84,20325476.02,6695610.17,16607643.72,3313842.69,2884087.63,394126.55,25107520.87,0.0,0.0,270679.41,5.446795
2023,2202455,CAPITÃO GERVÁSIO OLIVEIRA,261,195,140,55,50,280,185,45,0,5,35,10,40,45,0,30,35,45,5,10,40,0,15,20,10,25,10,5.4,21.8,8.3,84.6,14772.1,3974,7.7,90.9,0.0,0.0,0.0,9.1,1154,465,465.0,278.0,220,63678,11.1,22.2,55.6,11.1,38.4,38.5,15.4,7.7,0.0,0.0,44.4,33.3,0.0,11.1,11.2,0.0,0.0,0.0,0.0,138247.59,25293.33,400000,676395.63,676395.63,33409.71,73845.0,5600.0,0.0,62.0,4.0,769233.4,49998.26,66.0,819231.66,2252.29,1780.0,1250689.83,369350.95,13145919.56,1607513.24,241.19,31499.38,0.0,66433.29,0.0,137910.02,55560.91,0.0,0.0,2714731.13,4098464.81,1383733.68,2567613.32,2902.84,1290348.03,2567613.32,2714731.13,4098464.81,4585024.89,5147933.19,940563.49,404855.81,535707.68,7710844.33,0.0,0.0,66433.29,5.2988796
2023,2202505,CARACOL,889,410,5,35,0,175,80,25,5,0,10,0,90,90,5,35,25,80,0,90,0,0,20,10,5,5,25,3.5,13.1,7.0,63.3,12361.23,10318,42.1,42.1,2.9,20.6,0.0,34.4,2514,5855,4332.0,5823.0,79,52618,11.8,35.3,47.1,5.8,15.4,26.6,43.8,6.3,6.3,1.6,60.0,5.0,0.0,30.0,0.0,5.0,15768.44,0.0,0.0,188501.4,23555.82,625000,1068370.39,1068370.39,75400.03,143298.0,12615.14,0.0,140.0,26.0,2033369.89,395592.87,166.0,2428962.76,2161.71,3054.84,1018544.54,1871834.19,17527932.89,2993180.97,234.48,191172.32,0.0,207575.76,1516.0,568420.59,96469.75,0.0,0.0,3828485.4,12655573.02,8827087.62,11389633.72,237534.34,3825889.49,11389633.72,3828485.4,12655573.02,6092883.75,17947673.68,5066622.46,2114832.49,2951789.97,20544604.33,0.0,0.0,207575.76,3.7590349
2023,2202539,CARAÚBAS DO PIAUÍ,445,180,130,35,0,25,0,35,5,0,30,0,40,40,0,35,20,35,0,40,0,0,5,10,0,0,5,5.5,19.0,4.9,95.1,12073.98,5630,5.4,83.5,0.0,9.1,0.0,7.4,3735,738,738.0,1486.0,612,55311,0.0,12.5,87.5,0.0,15.4,0.0,41.0,38.5,5.1,0.0,0.0,50.0,25.0,0.0,25.0,0.0,0.0,0.0,0.0,116033.46,12000.0,3035000,3354283.64,3354283.64,43056.46,144381.0,3812.72,0.0,56.0,5.0,758458.43,89382.5,61.0,847840.93,0.0,0.0,286756.72,763611.54,13439300.76,1654467.57,208.43,154018.52,0.0,96173.01,0.0,143783.32,151999.73,0.0,0.0,2756127.47,5748045.87,2991918.4,3100076.28,35328.89,1754386.45,3100076.28,2756127.47,5748045.87,5348951.46,8337055.21,2965255.75,891523.64,2073732.11,9136815.04,0.0,0.0,96173.01,5.2902575
2023,2202554,CARIDADE DO PIAUÍ,374,260,110,35,0,50,50,40,30,0,30,0,45,45,0,25,25,20,0,45,0,5,15,10,0,5,10,5.8,15.6,8.0,81.6,14417.59,5033,4.0,56.4,0.0,22.7,1.4,19.5,923,935,605.0,3193.0,194,57694,0.0,0.0,77.8,22.2,26.3,39.5,15.8,13.2,2.6,2.6,22.2,11.1,11.1,11.1,44.5,0.0,15768.0,0.0,0.0,150840.65,21625.25,3849268,4207297.49,4207297.49,33992.59,145971.0,5600.0,0.0,54.0,9.0,736162.49,119616.4,63.0,855778.89,26559.78,8842.05,45796.73,121492.32,6076279.56,1392858.92,143.38,54703.41,0.0,89474.48,0.0,278532.4,106461.05,0.0,0.0,2393616.62,5985686.97,3592070.35,2978371.15,0.0,1895764.99,2978371.15,2393616.62,5985686.97,2767200.77,6653504.27,998813.75,728813.75,270000.0,10471891.51,0.0,0.0,89474.48,5.6492124
2023,2202604,CASTELO DO PIAUÍ,1347,865,230,155,20,100,185,135,5,0,85,0,150,150,0,130,50,70,5,150,0,10,40,10,10,15,35,6.7,19.2,5.9,91.0,12158.93,19288,4.7,78.1,2.7,10.6,0.0,8.6,2123,3265,3265.0,3998.0,4899,129089,0.0,28.6,42.9,28.5,31.5,8.2,24.5,28.6,4.1,3.1,21.9,37.5,31.3,9.3,0.0,0.0,730471.68,15768.0,0.0,328478.08,31222.93,715000,1353166.33,1353166.33,134306.32,144159.0,0.0,0.0,572.0,171.0,8841447.03,2684641.13,743.0,11526088.16,87265.6,72806.86,1238032.28,2790075.47,26291839.09,4894613.87,1204.99,418218.38,0.0,294124.35,0.0,957768.8,300063.18,436906.3,0.0,5770233.13,19696818.47,13926585.34,15867235.97,112553.94,6810393.02,15867235.97,5770233.13,19696818.47,10172069.66,25005599.34,9666203.03,3456420.4,6209782.63,30284620.77,0.0,0.0,294124.35,5.8829837
2023,2202653,CAXINGÓ,476,330,85,25,5,120,0,45,0,0,25,0,60,70,15,45,30,40,0,65,0,0,20,25,0,5,10,3.8,16.3,5.4,74.0,12484.71,5496,13.9,48.9,4.4,15.9,0.0,30.8,316,743,743.0,1936.0,1007,23299,0.0,41.7,50.0,8.3,14.3,8.2,26.5,40.8,6.1,4.1,14.3,50.0,7.1,21.4,7.2,0.0,0.0,0.0,0.0,119287.58,12000.0,700000,1017586.07,1017586.07,34806.72,145191.0,6300.77,0.0,22.0,3.0,234222.25,43398.61,25.0,277620.86,0.0,65425.18,230974.93,501179.97,13439300.76,842381.69,206.97,129108.7,0.0,96555.74,0.0,146772.91,141066.24,0.0,0.0,2588551.88,6381950.34,3793398.46,1623329.79,50066.3,1183760.58,1623329.79,2588551.88,6381950.34,5389969.0,7837474.73,857674.52,400646.66,457027.86,11217511.56,0.0,0.0,96555.74,4.579905
2023,2202703,COCAL,1919,865,225,195,5,715,810,90,20,0,80,25,180,180,0,70,75,65,15,175,5,0,55,45,5,65,60,6.5,23.6,5.6,83.7,12471.02,28212,7.1,81.2,0.0,4.5,0.0,14.3,2567,22670,22670.0,58555.0,1954,193828,0.0,16.2,56.8,27.0,41.7,15.4,15.4,23.1,3.3,1.1,21.1,39.5,23.7,15.7,0.0,0.0,153756.44,47304.88,0.0,314889.34,25348.49,1400000,2210987.29,2210987.29,175111.99,203820.0,27087.6,64729.87,868.0,94.0,12808348.79,1419326.62,962.0,14227675.41,438882.92,193014.78,1834364.95,3876420.04,30673812.25,4940238.8,1088.1,1235314.7,0.0,373562.25,0.0,749187.03,506434.78,0.0,0.0,6821858.3,22724543.01,15902684.71,15001443.14,75258.2,6950298.73,15001443.14,6821858.3,22724543.01,12314484.69,31184478.28,8664649.9,1322805.12,7341844.78,35062871.44,0.0,0.0,373562.25,5.687582
2023,2202711,COCAL DE TELHA,366,185,30,10,0,60,0,25,0,0,25,0,40,40,5,25,20,30,5,40,0,0,5,10,0,10,0,5.3,14.1,5.4,76.7,12283.53,4911,6.6,54.2,3.3,10.4,8.5,23.6,557,1128,1128.0,3268.0,720,34568,12.5,12.5,75.0,0.0,31.1,13.8,48.3,3.4,3.4,0.0,0.0,75.0,0.0,12.5,12.5,0.0,0.0,0.0,0.0,153923.75,12000.0,650000,1065086.09,1065086.09,37434.13,141141.0,5857.34,64729.87,37.0,8.0,499549.96,140593.15,45.0,640143.11,20376.6,72797.21,457050.6,649861.68,14072074.52,1346114.09,142.13,81058.16,0.0,82795.85,0.0,209861.71,124218.04,0.0,0.0,2307879.67,8844963.01,6537083.34,1691148.91,0.0,1154140.81,1691148.91,2307879.67,8844963.01,4302716.66,8102876.65,927926.16,349991.02,577935.14,12270244.78,0.0,0.0,82795.85,5.4363093
2023,2202729,COCAL DOS ALVES,485,225,60,75,10,25,10,15,0,0,20,0,50,55,0,45,5,45,0,55,0,0,5,5,5,5,10,7.8,16.4,5.2,100.0,11496.1,6386,3.5,75.5,0.5,18.8,5.2,0.0,531,6313,6313.0,11605.0,796,63574,9.1,45.5,36.4,9.0,50.0,7.1,17.9,25.0,0.0,0.0,36.4,45.5,0.0,18.1,0.0,0.0,0.0,0.0,0.0,153923.75,12000.0,1125000,1487609.92,1487609.92,47061.17,149625.0,0.0,0.0,30.0,0.0,332671.89,0.0,30.0,332671.89,31006.67,23150.64,184452.43,627124.03,13145919.56,1230467.73,173.26,341052.5,0.0,88258.26,0.0,142976.8,149143.03,0.0,0.0,2706660.46,5060431.36,2353770.9,2072082.5,28255.43,1554620.63,2072082.5,2706660.46,5060431.36,5249690.18,6802212.25,1821435.58,345334.08,1476101.5,9136767.33,0.0,0.0,88258.26,6.4452114
2023,2202737,COIVARAS,378,190,40,10,0,25,0,35,10,0,25,0,30,30,0,20,10,20,0,30,0,0,10,0,0,0,10,5.7,19.2,6.1,100.0,12151.73,4117,10.1,78.9,0.0,21.1,0.0,0.0,372,1565,1565.0,2348.0,1139,37030,0.0,16.7,50.0,33.3,4.2,12.5,33.3,50.0,0.0,0.0,16.7,0.0,50.0,16.7,16.6,0.0,0.0,0.0,0.0,111691.97,12000.0,0,272743.91,272743.91,31884.94,111567.0,5600.0,0.0,24.0,2.0,272147.98,25008.0,26.0,297155.98,23741.2,3164.86,375253.97,1.0,13736707.45,717712.19,137.52,12000.0,0.0,62228.31,110049.04,108043.3,78401.78,0.0,0.0,2537950.88,6328980.18,3791029.3,732871.76,0.0,53738.86,732871.76,2537950.88,6328980.18,3720028.48,5440840.23,1721612.53,443697.7,1277914.83,6878836.59,0.0,0.0,62228.31,5.4390326
2023,2202752,COLÔNIA DO GURGUÉIA,407,305,50,40,60,120,100,60,45,0,45,10,35,50,0,45,20,25,0,40,0,0,15,15,5,10,15,4.5,16.7,7.1,75.0,15113.64,6150,13.5,54.5,0.0,29.1,0.0,16.4,521,343,343.0,992.0,28,18547,0.0,50.0,40.0,10.0,35.0,20.0,27.5,15.0,0.0,2.5,36.4,36.4,0.0,18.2,9.0,0.0,0.0,0.0,0.0,143196.23,28478.77,0,337866.34,337866.34,19290.34,146901.0,0.0,0.0,63.0,11.0,938304.55,152400.0,74.0,1090704.55,3586.0,450.0,605510.53,31039.79,13148462.86,1182209.2,259.23,145475.28,0.0,91851.5,6172.85,165004.6,47023.49,31616.22,0.0,2393818.54,5835322.62,3441504.08,3522464.13,0.0,1782133.35,3522464.13,2393818.54,5835322.62,4387556.46,8994134.31,1786216.56,169743.2,1595353.36,10686267.36,0.0,0.0,91851.5,4.8852696
2023,2202778,COLÔNIA DO PIAUÍ,420,300,25,55,0,10,130,60,5,0,35,0,45,45,0,35,25,25,5,45,0,5,10,5,0,5,15,6.1,17.5,5.0,100.0,11779.1,6994,0.7,58.5,8.2,29.2,4.1,0.0,2128,1876,1876.0,1616.0,280,62467,22.2,44.4,33.4,0.0,19.0,24.3,21.6,27.0,5.4,2.7,30.0,30.0,30.0,10.0,0.0,0.0,0.0,0.0,0.0,189241.26,22507.8,675000,1088175.46,1088175.46,50085.84,139047.0,7932.37,4361.19,33.0,9.0,415509.37,131395.3,42.0,546904.67,1086.1,485.9,287610.88,478965.23,13145919.56,2169012.0,313.66,69292.37,0.0,87745.76,0.0,151008.8,73591.12,246172.8,0.0,2831142.17,5365742.1,2534599.93,2655073.14,9994.52,1883878.14,2655073.14,2831142.17,5365742.1,4490185.33,7773850.54,1965184.15,300000.0,1665184.15,8332999.87,0.0,0.0,87745.76,5.954383
2023,2202802,CONCEIÇÃO DO CANINDÉ,327,185,145,55,25,35,60,35,0,0,20,0,40,40,10,25,15,30,0,20,0,0,20,10,0,5,10,4.9,19.8,7.2,90.5,17925.48,4932,6.7,67.7,0.0,16.5,0.8,15.0,5866,2379,2379.0,19113.0,1625,37725,14.3,42.9,42.8,0.0,20.0,25.0,30.0,25.0,0.0,0.0,25.0,37.5,0.0,25.0,12.5,0.0,0.0,0.0,0.0,197991.75,22397.48,300000,672842.91,672842.91,34482.68,112371.0,5600.0,0.0,22.0,8.0,269557.7,99870.0,30.0,369427.7,5382.75,9859.41,299231.79,840918.08,13145919.56,2117264.6,281.43,95514.85,0.0,68160.15,1142.7,207457.47,0.0,180912.56,0.0,2817323.05,4413731.96,1596408.91,2821199.6,25457.25,1340621.55,2821199.6,2817323.05,4413731.96,5738393.53,6515789.2,2555081.88,1130186.86,1424895.02,7950111.93,0.0,0.0,68160.15,5.5484986
2023,2202851,CORONEL JOSÉ DIAS,294,265,65,35,0,55,175,35,0,0,10,0,35,35,0,15,10,20,0,35,0,0,0,0,0,5,0,5.5,17.1,7.0,95.8,13110.13,4250,3.1,65.2,0.0,26.8,2.7,5.3,2876,1970,500.0,279.0,186,83659,0.0,0.0,57.1,42.9,29.3,33.3,8.3,20.8,8.3,0.0,57.1,28.6,0.0,0.0,14.3,0.0,0.0,0.0,0.0,128068.04,20659.97,0,305716.72,305716.72,34850.71,116538.0,5600.0,0.0,48.0,4.0,682217.23,63072.4,52.0,745289.63,1203.18,0.0,421857.02,223146.57,13159919.41,1421013.39,386.01,73584.48,0.0,57537.15,17137.74,160458.74,90103.48,484918.82,0.0,2456636.15,3772276.1,1315639.95,2438983.53,9356.26,1147715.48,2438983.53,2456636.15,3772276.1,3939515.08,4883378.68,876353.35,457503.35,400000.0,7339962.37,0.0,0.0,57537.15,5.5816774
2023,2202901,CORRENTE,1763,1095,110,444585,5,1440,965,245,90,15,80,50,150,155,15,80,65,125,10,140,25,15,50,45,15,15,30,4.5,18.6,7.1,75.4,28016.04,27278,12.4,55.6,0.0,14.6,2.1,27.7,4554,25913,25913.0,183918.0,1576,132617,11.4,45.7,28.6,14.3,49.3,18.1,7.6,19.4,2.8,2.8,25.0,13.9,30.6,19.4,8.3,2.8,331135.28,63072.44,0.0,411768.51,31181.56,200000,1092440.74,1092440.74,133630.75,224781.0,21867.75,69211.17,1441.0,228.0,21872445.21,3596526.5,1669.0,25468971.71,239216.1,63576.37,3854462.26,4649096.93,30673812.25,12829546.54,1523.91,1205467.0,0.0,377367.45,5040.0,981359.0,331030.62,0.0,0.0,8239483.19,24258166.96,16018683.77,17422678.72,0.0,7367961.53,17422678.72,8239483.19,24258166.96,14481648.82,37313595.84,4113232.31,2510974.84,1602257.47,44874335.17,0.0,0.0,377367.45,5.0324335
2023,2203008,CRISTALÂNDIA DO PIAUÍ,554,340,20,15,0,85,125,15,5,0,5,5,25,45,0,25,10,25,5,45,0,0,5,5,0,5,5,4.7,15.4,7.2,97.6,12173.36,7356,10.6,59.0,5.6,27.1,2.8,5.5,907,1882,1882.0,7189.0,230,67742,0.0,44.4,55.6,0.0,36.6,19.5,39.0,4.9,0.0,0.0,11.1,77.8,11.1,0.0,0.0,0.0,0.0,0.0,0.0,187393.22,12000.0,300000,710149.83,710149.83,54069.05,148071.0,8616.56,0.0,48.0,1.0,696679.78,11880.68,49.0,708560.46,14831.81,0.0,840936.73,629633.68,13145919.56,4586337.3,425.29,97358.0,0.0,113947.41,1140.0,380699.95,120775.76,0.0,0.0,3333252.59,7483092.45,4149839.86,6201513.49,86674.43,2261215.38,6201513.49,3333252.59,7483092.45,4835994.05,10472357.37,2222044.74,607969.53,1614075.21,12809439.18,0.0,0.0,113947.41,5.3063655
2023,2203107,CRISTINO CASTRO,842,455,80,75,0,180,185,35,15,0,75,0,70,70,10,50,30,50,0,65,15,0,50,35,5,15,25,4.2,18.9,8.9,100.0,14823.95,10503,21.7,100.0,0.0,0.0,0.0,0.0,593,792,792.0,2340.0,2809,28562,14.3,7.1,71.4,7.2,35.0,17.5,27.5,15.0,0.0,5.0,40.0,20.0,6.7,33.3,0.0,0.0,0.0,0.0,0.0,233938.68,21707.99,6010000,6474682.88,6474682.88,66374.38,131394.0,11267.83,0.0,340.0,56.0,4844920.28,852953.12,396.0,5697873.4,20558.33,84652.77,732127.36,1022436.36,17527892.7,2228917.75,589.54,522825.81,0.0,160157.06,0.0,519159.22,82587.51,452657.94,0.0,3193908.1,10651070.2,7457162.1,11329593.13,27506.04,3231890.69,11329593.13,3193908.1,10651070.2,5713174.33,15454151.87,8557095.52,4694711.29,3679188.83,16807010.8,0.0,0.0,160157.06,5.0590825
2023,2203206,CURIMATÁ,771,500,135,70,0,190,0,55,5,0,60,15,65,70,5,40,10,50,0,55,20,5,15,10,5,15,20,5.5,15.6,7.6,95.3,16527.0,11270,6.1,89.7,0.0,8.8,0.0,1.5,2888,2657,2657.0,1616.0,602,87295,0.0,35.3,64.7,0.0,23.2,20.3,37.7,8.7,7.2,2.9,47.1,17.6,5.9,23.5,0.0,5.9,65678.4,0.0,0.0,128286.62,12000.0,0,292035.12,292035.12,72097.09,70119.0,9532.41,0.0,461.0,49.0,6945760.33,663886.39,510.0,7609646.72,26334.14,154776.95,515066.99,1264793.5,10527892.74,2621063.32,634.44,242433.98,0.0,156796.66,0.0,348462.4,104352.07,0.0,0.0,3193628.55,7417028.58,4223400.03,7041814.6,0.0,2868233.81,7041814.6,3193628.55,7417028.58,4294182.32,12111900.82,3150000.0,2550000.0,600000.0,17857249.04,0.0,0.0,156796.66,5.800687
2023,2203230,CURRAIS,389,305,15,20,0,95,45,5,0,0,10,0,65,45,0,15,5,30,0,30,0,0,25,0,0,20,0,5.2,13.8,8.4,51.7,117417.76,4854,17.7,29.0,1.3,19.0,0.0,50.7,416,87459,87459.0,701279.0,296,46251,0.0,15.4,53.8,30.8,20.7,13.8,37.9,13.8,6.9,6.9,15.4,23.1,0.0,53.8,7.7,0.0,0.0,0.0,0.0,190743.37,12000.0,300000,594197.44,594197.44,19808.07,71646.0,0.0,0.0,3.0,2.0,18417.0,22368.0,5.0,40785.0,3573.34,0.0,820576.72,2394988.76,13145919.56,9792949.35,635.27,28340.75,0.0,121525.8,2820.0,274964.0,136555.29,0.0,0.0,4289356.61,7279696.08,2990339.47,7629360.76,18963.87,2238458.29,7629360.76,4289356.61,7279696.08,6937213.27,10463918.42,3419274.01,3269274.01,150000.0,14632637.98,0.0,0.0,121525.8,4.7468314
2023,2203255,CURRALINHOS,382,160,130,15,0,90,0,40,10,0,10,20,25,25,0,20,10,20,0,15,15,0,5,0,0,5,0,4.8,19.4,8.8,100.0,12173.89,4413,10.5,79.7,0.0,20.3,0.0,0.0,432,665,665.0,836.0,164,27211,0.0,40.0,40.0,20.0,11.2,37.0,18.5,22.2,7.4,3.7,40.0,0.0,0.0,40.0,20.0,0.0,0.0,0.0,0.0,153923.75,12000.0,1225000,1541151.51,1541151.51,32127.76,112500.0,5600.0,0.0,13.0,1.0,149922.69,21048.34,14.0,170971.03,435.66,65903.63,243782.43,794806.36,13145919.56,754115.34,126.64,32869.33,0.0,88904.03,0.0,255910.53,0.1,0.0,0.0,2393706.56,5413346.31,3019639.75,5943687.86,146889.34,1645294.9,5943687.86,2393706.56,5413346.31,4454843.11,8424272.07,2354759.62,1541297.61,813462.01,11883924.69,0.0,0.0,88904.03,5.1129217
2023,2203271,CURRAL NOVO DO PIAUÍ,428,295,65,55,0,180,95,65,10,0,20,0,65,65,5,10,15,20,0,20,5,0,5,5,0,5,0,5.7,17.9,6.9,53.4,19440.19,5073,4.0,37.8,0.8,16.8,1.7,42.9,479,3355,1905.0,6694.0,91,40946,0.0,7.7,53.8,38.5,42.8,10.7,16.1,26.8,0.0,3.6,69.2,0.0,7.7,7.7,7.7,7.7,0.0,0.0,0.0,197991.75,12000.0,800000,1127860.92,1127860.92,34883.46,77331.0,5654.71,0.0,22.0,0.0,268226.63,0.0,22.0,268226.63,8018.16,2137.3,7245117.15,21606.18,13145919.56,12161231.06,245.86,281729.26,0.0,89853.3,6900.0,214207.4,10661.48,0.0,0.0,4883359.23,5605791.03,722431.8,2706592.45,133546.79,1716019.4,2706592.45,4883359.23,5605791.03,8613509.65,6859209.65,3182382.62,971535.71,2210846.91,10225032.92,0.0,0.0,89853.3,5.382048
2023,2203305,DEMERVAL LOBÃO,1244,630,460,110,5,155,20,65,5,0,65,0,70,70,50,60,35,60,0,70,0,5,40,20,5,5,35,7.4,21.1,7.6,94.9,21011.05,16352,3.8,85.8,0.0,8.9,0.0,5.3,369,588,588.0,1447.0,343,48752,6.7,40.0,53.3,0.0,44.2,8.8,27.9,10.3,5.9,2.9,31.3,43.8,6.3,12.5,6.1,0.0,31536.0,0.0,0.0,249690.3,44805.85,550000,1049367.2,1049367.2,44805.16,145128.0,14937.89,0.0,170.0,65.0,2521861.06,996030.07,235.0,3517891.13,14203.09,226434.46,2190653.41,2974482.16,21909865.9,6579531.28,371.64,508941.89,0.0,236374.3,0.03,816093.17,99885.29,0.0,0.0,5298840.37,16671672.93,11372832.56,14930555.52,218628.74,5061586.35,14930555.52,5298840.37,16671672.93,8881775.7,22447838.84,8266058.09,3547573.76,2829595.95,31506590.41,0.0,0.0,236374.3,6.036898
2023,2203354,DIRCEU ARCOVERDE,480,440,155,45,0,25,55,15,0,0,25,5,40,35,0,30,15,35,5,40,5,5,0,15,5,10,20,4.2,12.6,7.0,38.9,12703.54,7054,19.8,25.1,0.0,12.1,1.2,61.6,2252,1195,883.0,494.0,71,129391,0.0,11.1,22.2,66.7,9.4,1.3,37.3,49.3,2.7,0.0,11.1,11.1,0.0,44.4,22.2,11.2,0.0,0.0,0.0,173346.96,12000.0,550000,921257.87,921257.87,36459.73,143718.0,5733.18,0.0,119.0,20.0,1843700.54,315360.17,139.0,2159060.71,3924.61,4812.45,453057.31,376016.99,13145919.56,1653276.77,385.16,121863.2,0.0,167129.74,0.0,325323.55,239316.22,317582.1,0.0,2727902.59,9120154.29,6392251.7,6233212.21,16407.36,2771658.93,6233212.21,2727902.59,9120154.29,5577497.52,12267540.08,2032247.49,803400.97,1102731.43,17183419.79,317900.0,0.0,167129.74,4.438119
2023,2203404,DOM EXPEDITO LOPES,405,230,40,30,5,175,50,60,10,0,30,0,45,45,0,45,10,40,0,40,0,0,20,20,5,10,5,6.2,18.5,4.8,100.0,14868.51,6320,4.2,71.9,13.7,9.8,4.6,0.0,574,3099,3099.0,4337.0,49,17748,0.0,40.0,50.0,10.0,31.1,3.4,44.8,20.7,0.0,0.0,30.0,40.0,10.0,0.0,20.0,0.0,53832.44,0.0,0.0,151213.07,12000.0,325000,748762.15,748762.15,43169.11,145596.0,7054.1,64729.87,57.0,14.0,711314.94,186723.34,71.0,898038.28,28917.65,11596.0,450381.49,444497.06,13145919.56,1689195.98,383.05,338446.76,0.0,90306.68,2601.88,129145.47,120563.93,519783.2,0.0,2799152.35,4785264.31,1986111.96,2113096.27,134655.03,1464398.7,2113096.27,2799152.35,4785264.31,5134313.53,5955122.32,1712391.64,1246114.35,466277.29,8348637.98,0.0,0.0,90306.68,6.058889
2023,2203420,DOMINGOS MOURÃO,337,230,135,110,0,110,235,20,40,0,10,0,45,45,0,25,15,25,0,45,5,0,10,10,5,10,15,8.4,16.4,8.2,100.0,13728.32,4075,0.6,64.3,0.0,35.7,0.0,0.0,596,2074,2074.0,2056.0,2312,47801,0.0,22.2,55.6,22.2,26.3,0.0,68.4,0.0,5.3,0.0,44.4,44.4,0.0,0.0,11.2,0.0,0.0,0.0,0.0,138013.87,12000.0,425000,686010.84,686010.84,31776.97,73620.0,5600.0,0.0,43.0,7.0,734526.95,115604.79,50.0,850131.74,2758.92,2740.0,353051.23,812420.15,13145919.56,1136986.41,255.95,152019.73,0.0,76499.84,0.01,270766.61,98720.97,402034.24,0.0,2651387.57,5658260.37,3006872.8,4997177.07,29754.11,1716137.94,4997177.07,2651387.57,5658260.37,4034876.0,7484812.31,2977544.62,1698692.1,1135683.72,9920007.39,0.0,0.0,76499.84,6.40998
2023,2203453,DOM INOCÊNCIO,492,480,125,30,0,25,165,25,15,0,20,0,75,70,0,20,15,15,0,70,0,0,15,20,5,10,5,5.5,15.7,8.1,100.0,23191.4,9159,3.9,60.9,0.0,37.9,1.2,0.0,4122,3250,2136.0,803.0,166,197870,0.0,46.7,40.0,13.3,6.5,34.8,34.8,21.7,0.0,2.2,6.7,80.0,6.7,6.6,0.0,0.0,0.0,0.0,0.0,178434.28,21528.73,475000,909408.99,909408.99,74014.68,147927.0,12504.3,0.0,90.0,11.0,1320866.53,174698.81,101.0,1495565.34,11647.51,2607.56,15075325.15,1263425.75,13145919.56,5145050.38,788.66,129459.63,0.0,392790.2,2220.0,348015.6,148324.53,0.0,0.0,3438953.97,7303094.99,3864141.02,2405480.78,22779.48,2222719.65,2405480.78,3438953.97,7303094.99,10371890.44,9471294.9,1377727.94,591543.65,786184.29,15897718.88,0.0,0.0,392790.2,5.8141465
2023,2203503,ELESBÃO VELOSO,586,520,40,70,5,50,200,30,25,5,85,10,95,95,20,45,45,45,10,55,0,10,20,25,5,10,15,5.8,14.9,7.1,92.9,15350.39,13607,6.0,80.6,0.0,10.3,0.0,9.1,4284,1545,1545.0,2975.0,781,96432,0.0,15.0,50.0,35.0,42.4,18.6,11.9,25.4,0.0,1.7,18.2,18.2,18.2,31.8,13.6,0.0,899955.08,0.0,0.0,218770.56,20908.19,400000,861492.89,861492.89,60356.39,70338.0,0.0,91119.75,435.0,57.0,6598378.53,938165.12,492.0,7536543.65,109197.53,13870.03,1148700.92,917792.97,21909865.9,3222340.45,739.47,823034.37,0.0,139515.07,7117.03,216809.63,74368.2,0.0,0.0,4805105.59,7795472.03,2990366.44,3367411.37,23560.75,2459335.43,3367411.37,4805105.59,7795472.03,10656949.79,10326250.44,1429276.94,1072225.49,357051.45,15740825.51,0.0,0.0,139515.07,5.8500166
2023,2203602,ELISEU MARTINS,253,170,10,20,0,15,90,25,20,0,20,0,25,25,0,20,10,15,0,15,5,0,15,10,0,5,15,5.3,23.4,4.4,92.9,15043.25,4377,13.4,87.1,0.0,11.8,0.0,1.1,1943,1808,1808.0,4316.0,28,55175,0.0,0.0,83.3,16.7,10.0,20.0,25.0,35.0,0.0,10.0,16.7,33.3,33.3,0.0,16.7,0.0,15768.0,0.0,0.0,189966.32,12000.0,200000,513167.06,513167.06,32565.74,73035.0,5600.0,0.0,36.0,20.0,536186.24,282577.2,56.0,818763.44,0.0,281863.95,369237.72,782967.51,13145919.56,2041510.26,341.65,102715.64,0.0,58221.73,918.11,92397.75,17686.34,0.0,0.0,2802576.42,3325527.36,522950.94,1640754.87,25096.94,1017672.3,1640754.87,2802576.42,3325527.36,4357394.33,3790869.72,721502.66,400902.89,320599.77,5720517.41,0.0,0.0,58221.73,4.99511
2023,2203701,ESPERANTINA,2670,1200,335,155,0,330,15,65,230,0,105,5,220,220,15,115,85,105,55,205,0,0,140,35,5,15,40,6.1,22.2,7.4,78.8,15398.9,40970,10.1,53.8,1.9,25.4,0.0,18.9,3622,4367,4367.0,7108.0,3194,202896,9.4,47.2,41.5,1.9,31.5,15.8,31.5,14.7,2.2,4.3,50.9,20.8,7.5,17.0,1.9,1.9,508451.32,31536.44,0.0,346611.47,43082.12,3600000,4495663.42,4495663.42,185562.24,221751.0,29445.42,69211.17,1241.0,244.0,18795712.92,3670583.29,1485.0,22466296.21,151215.73,200860.97,2113323.27,6786790.73,39437758.63,7395920.07,2244.64,1763404.16,0.0,538158.63,0.0,1831545.6,535054.75,0.0,0.0,9013589.3,36306422.74,27292833.44,31931199.59,946361.42,11073567.66,31931199.59,9013589.3,36306422.74,16089103.12,55026301.48,20727173.23,10149233.05,10577940.18,55020265.74,0.0,0.0,538158.63,5.4439573
2023,2203750,FARTURA DO PIAUÍ,423,230,5,15,0,20,60,50,15,0,25,0,45,45,0,15,10,30,0,30,0,0,0,5,0,5,0,4.8,11.0,6.8,66.7,11947.83,5284,12.5,47.1,0.0,8.7,5.1,39.1,2312,1476,614.0,573.0,117,72152,0.0,22.2,77.8,0.0,66.6,0.0,16.7,8.3,5.6,2.8,11.1,11.1,0.0,0.0,55.6,22.2,0.0,0.0,0.0,197991.75,12000.0,1340000,1719045.78,1719045.78,22999.03,146055.0,0.0,0.0,23.0,2.0,331237.28,17088.0,25.0,348325.28,2044.04,6219.88,470635.21,840539.83,13145919.56,1318667.07,243.62,40709.41,0.0,125982.82,4926.31,324190.56,126304.38,0.0,0.0,2665316.11,8139300.21,5473984.1,8787730.05,31926.43,2231003.02,8787730.05,2665316.11,8139300.21,4201246.75,10610424.9,4438386.94,4012117.38,426269.56,14286897.51,0.0,0.0,125982.82,4.711211
2023,2203800,FLORES DO PIAUÍ,323,185,35,10,5,60,90,25,5,0,45,0,35,35,0,25,10,10,0,30,0,0,10,5,0,5,5,4.8,12.9,4.0,81.6,12494.08,4414,18.9,57.2,0.0,21.9,2.0,18.9,726,1238,1238.0,1417.0,169,39853,0.0,14.3,42.9,42.8,22.9,5.7,37.1,22.9,5.7,5.7,0.0,42.9,42.9,0.0,14.2,0.0,0.0,0.0,0.0,197485.42,12000.0,286340,611006.13,611006.13,35030.4,74460.0,5690.31,0.0,26.0,9.0,324741.82,113071.28,35.0,437813.1,345.46,460.29,353932.92,308508.19,13145919.56,1297713.62,309.11,100269.12,0.0,72208.22,700.85,11565.29,0.0,0.0,0.0,2673410.06,4185213.12,1511803.06,3110398.6,13948.92,1277152.06,3110398.6,2673410.06,4185213.12,4680070.68,6184106.82,4053611.97,590220.68,1511254.4,7297382.23,0.0,0.0,72208.22,4.590985
2023,2203859,FLORESTA DO PIAUÍ,140,115,35,20,0,85,0,20,0,0,15,0,20,20,0,15,10,15,0,20,0,0,5,0,0,10,5,5.9,16.3,7.3,100.0,13563.0,2333,4.3,89.1,9.4,1.5,0.0,0.0,786,790,790.0,686.0,604,23839,0.0,25.0,0.0,75.0,0.0,8.3,16.7,75.0,0.0,0.0,0.0,0.0,0.0,50.0,50.0,0.0,0.0,0.0,0.0,132202.2,12000.0,1885000,2065602.2,2065602.2,30800.0,0.0,5600.0,0.0,15.0,3.0,241838.5,34184.07,18.0,276022.57,2182.93,8044.35,300882.12,389578.88,13145919.56,1457053.65,78.96,56988.67,0.0,43582.37,0.0,119879.8,40501.08,0.0,0.0,2393328.83,2709724.53,316395.7,2247203.52,0.0,808820.66,2247203.52,2393328.83,2709724.53,4007689.42,3714308.19,1298503.45,998503.45,300000.0,5601630.77,0.0,0.0,43582.37,5.711494
2023,2203909,FLORIANO,3041,1650,1050,889155,20,2110,500,345,35,55,50,30,275,275,50,220,165,170,10,260,0,20,95,50,20,135,90,5.9,21.3,6.1,97.1,27298.79,62036,16.1,82.2,2.1,12.2,0.0,3.5,21549,3279,3279.0,4707.0,3577,427703,5.5,6.8,56.2,31.5,34.7,9.3,23.0,26.7,4.3,2.0,22.8,39.2,17.7,16.5,3.8,0.0,1030036.81,39348.44,0.0,456767.07,59933.21,0,1064483.3,1064483.3,208701.45,100236.0,27697.48,211148.09,1519.0,1176.0,22539030.65,17964427.91,2695.0,40503458.56,1634463.71,1418191.7,13242068.93,9556689.44,50422240.19,37833356.79,9085.09,7653776.29,0.0,583035.97,2040.0,1147361.0,138331.11,1102709.2,0.0,18253581.06,34987832.1,16734251.04,21701895.76,224202.13,10634225.51,21701895.76,18253581.06,34987832.1,36860836.71,53834006.68,13285534.76,4993338.31,7551534.55,62527179.44,0.0,0.0,583035.97,5.5290046
2023,2204006,FRANCINÓPOLIS,290,220,35,30,0,15,5,40,25,0,30,65,20,20,0,20,20,20,0,20,0,0,5,5,0,10,10,6.5,18.1,7.3,94.7,12694.99,4505,2.1,82.6,0.0,6.3,0.0,11.1,2740,676,676.0,1362.0,56,60613,0.0,50.0,50.0,0.0,36.8,21.1,26.3,15.8,0.0,0.0,25.0,25.0,0.0,25.0,25.0,0.0,15768.0,0.0,0.0,153923.75,12000.0,200000,486763.34,486763.34,43488.11,70422.0,6929.48,0.0,36.0,5.0,502062.44,91914.95,41.0,593977.39,2459.69,1020.0,375749.96,675699.96,13145919.56,1680207.81,204.1,82439.42,0.0,70733.25,0.06,220049.02,54356.84,273889.88,4505.26,2745964.54,4419206.63,1673242.09,4021568.82,185752.0,1346649.04,4021568.82,2745964.54,4419206.63,4694676.1,6077433.6,2174774.94,246014.32,1513145.59,8486919.27,0.0,0.0,70733.25,5.895567
2023,2204105,FRANCISCO AYRES,331,185,85,25,10,30,30,20,0,0,15,0,20,20,0,10,5,15,0,15,0,0,0,5,0,0,5,4.1,20.7,4.2,84.8,15148.0,4412,6.9,37.7,0.0,42.5,4.1,15.7,235,2783,2783.0,5853.0,361,26445,25.0,0.0,75.0,0.0,21.8,15.6,12.5,43.8,6.3,0.0,25.0,0.0,25.0,50.0,0.0,0.0,0.0,0.0,0.0,150744.33,12000.0,3035000,3371049.09,3371049.09,31441.76,136263.0,5600.0,0.0,23.0,1.0,357445.83,15768.94,24.0,373214.77,505.2,210.0,192869.06,601065.25,13145937.89,1754683.25,230.97,109803.8,0.0,69930.08,1620.0,102457.0,53121.94,0.0,0.0,2767189.3,4009324.8,1242135.5,2498145.25,25299.98,1220541.0,2498145.25,2767189.3,4009324.8,3956718.47,5760762.26,2306262.6,501053.71,1805208.89,6218539.98,0.0,0.0,69930.08,5.0883627
2023,2204154,FRANCISCO MACEDO,191,150,125,20,5,30,0,20,0,0,20,35,25,25,10,20,20,20,0,25,0,0,10,5,0,5,0,5.3,17.8,6.7,100.0,12788.14,2929,4.2,90.0,0.0,10.0,0.0,0.0,568,1208,1115.0,1042.0,161,18647,20.0,0.0,80.0,0.0,0.0,0.0,63.6,27.3,0.0,9.1,0.0,20.0,0.0,60.0,20.0,0.0,0.0,0.0,0.0,150650.45,12120.0,1350000,1549170.45,1549170.45,30800.0,0.0,5600.0,0.0,13.0,1.0,195778.7,18408.97,14.0,214187.67,17761.62,2294.0,247457.91,468136.49,13145919.56,1290990.86,62.63,75281.0,0.0,56271.72,0.0,121677.21,53107.15,0.0,0.0,2393404.44,3157903.05,764498.61,2416590.23,41923.63,960597.11,2416590.23,2393404.44,3157903.05,4136608.55,4317843.14,1333176.44,936807.03,396369.41,6270842.41,0.0,0.0,56271.72,5.8149266
2023,2204204,FRANCISCO SANTOS,382,290,115,40,0,90,30,20,10,0,20,10,45,45,15,40,20,35,5,35,0,0,15,20,0,0,0,5.5,17.8,4.3,82.4,13541.51,8237,5.5,48.8,0.0,42.8,0.0,8.4,1516,4160,4160.0,4422.0,98,46332,0.0,27.3,45.5,27.2,17.5,4.3,21.7,50.0,2.2,4.3,36.4,18.2,18.2,18.2,9.0,0.0,94609.32,0.0,0.0,153923.75,12000.0,200000,619324.64,619324.64,52754.16,127341.0,8575.86,64729.87,126.0,24.0,1829462.4,332522.5,150.0,2161984.9,41314.91,16753.42,298868.59,687729.69,13145919.56,1593827.88,309.11,317288.09,0.0,87466.36,0.0,153248.6,48133.86,74174.56,0.0,2686681.57,5414560.47,2727878.9,1964230.03,49248.86,1660720.88,1964230.03,2686681.57,5414560.47,4363926.77,6385767.06,1787714.33,1243178.66,457770.48,7874583.31,0.0,0.0,87466.36,5.604605
2023,2204303,FRONTEIRAS,549,365,185,70,0,350,90,70,5,10,50,15,40,50,35,45,15,20,0,35,0,10,10,20,5,20,5,7.0,19.6,7.1,93.3,13660.66,10259,7.5,66.1,0.0,24.8,0.0,9.1,1306,6385,6385.0,7279.0,108,73250,9.1,72.7,9.1,9.1,30.7,44.9,10.2,12.2,0.0,2.0,27.3,9.1,27.3,27.3,9.0,0.0,31536.44,0.0,0.0,232455.26,24714.16,1925000,2408547.22,2408547.22,71930.22,143343.0,11104.58,0.0,154.0,23.0,2192496.52,320787.64,177.0,2513284.16,4288.36,3630.49,691630.8,843130.04,17527892.65,3354172.84,6838.4,1101761.1,0.0,113685.49,2188.11,381341.6,73668.35,0.0,0.0,4084086.44,7665177.56,3581091.12,6490078.66,69672.4,2324055.03,6490078.66,4084086.44,7665177.56,6184220.84,10197037.65,4333815.21,1445015.66,2577115.74,12304657.07,0.0,0.0,113685.49,5.5866456
2023,2204352,GEMINIANO,348,220,30,20,0,10,0,0,0,0,15,0,60,65,5,25,20,50,0,55,0,0,5,10,0,0,10,5.2,16.8,4.0,76.2,13018.59,5445,9.8,61.0,0.0,12.5,0.0,26.5,1227,6669,6669.0,7732.0,212,45440,15.4,15.4,53.8,15.4,47.6,9.5,14.3,19.0,4.8,4.8,38.5,46.2,0.0,0.0,15.3,0.0,0.0,0.0,0.0,146396.09,20687.55,600000,965641.78,965641.78,43258.53,148356.0,6943.61,0.0,25.0,7.0,339130.85,102511.15,32.0,441642.0,19408.76,3610.01,258932.55,616650.18,13145919.56,1263217.61,279.49,194081.1,0.0,75487.94,2671.74,105418.31,100124.4,311485.94,0.0,2684999.27,4243101.0,1558101.73,2079200.74,9658.74,1294832.01,2079200.74,2684999.27,4243101.0,5106685.56,5377687.58,558576.05,36960.0,521616.05,8568562.39,0.0,0.0,75487.94,5.1737785
2023,2204402,GILBUÉS,1109,510,95,30,0,95,10,45,30,0,45,40,140,105,0,40,15,15,0,95,0,0,30,10,0,0,20,3.7,21.0,7.0,72.9,45029.85,10892,30.9,56.5,0.0,16.1,0.0,27.4,1557,58580,58580.0,450645.0,912,47380,3.6,21.4,39.3,35.7,33.9,32.1,11.3,18.9,1.9,1.9,44.8,27.6,17.2,0.0,3.4,7.0,31536.44,0.0,0.0,276942.55,24148.78,915000,1513030.0,1513030.0,71154.05,149670.0,11384.75,64729.87,281.0,46.0,4061607.0,684737.45,327.0,4746344.45,14617.15,35448.45,1477646.07,2005471.59,17528407.45,11999878.18,777.89,42341.32,0.0,186461.87,13440.0,574919.6,82727.77,0.0,0.0,5739369.73,12254290.35,6514920.62,11592405.48,226581.07,3737004.53,11592405.48,5739369.73,12254290.35,10449667.74,19562520.88,7681993.67,1363435.73,6318557.94,20479209.99,0.0,0.0,186461.87,4.1519904
2023,2204501,GUADALUPE,692,470,250,50,10,95,230,40,15,0,65,45,55,50,35,50,35,30,0,55,0,0,30,30,5,15,40,4.6,17.7,7.1,78.2,56958.73,10270,7.5,49.0,4.7,17.7,4.7,23.9,457,2147,2147.0,52438.0,315,21395,8.3,16.7,66.7,8.3,4.4,17.4,31.9,33.3,7.2,5.8,16.7,41.7,16.7,16.7,0.0,8.2,47304.44,31536.0,0.0,172631.78,23169.71,600000,1004873.37,1004873.37,49645.05,145593.0,7776.62,6057.21,202.0,193.0,3024120.49,2929102.1,395.0,5953222.59,91133.09,132646.64,879784.91,1755826.64,17527892.74,13742191.14,5607.58,540905.17,0.0,157623.73,0.0,501792.69,15790.66,0.0,0.0,6051965.79,10371238.07,4319272.28,9728817.59,120939.7,3166428.1,9728817.59,6051965.79,10371238.07,9413724.14,16352807.93,4324483.73,1102484.15,3221999.58,23713205.62,0.0,0.0,157623.73,5.2696915
2023,2204550,GUARIBAS,351,250,0,55,15,310,0,70,20,0,45,5,65,65,0,35,40,60,35,65,0,0,15,10,5,30,5,4.6,17.3,9.1,40.0,14100.55,4276,9.1,31.3,0.0,8.8,0.0,59.9,652,2067,1967.0,2853.0,115,28250,7.1,21.4,57.1,14.4,50.0,15.0,20.0,10.0,5.0,0.0,42.9,7.1,21.4,28.6,0.0,0.0,0.0,0.0,0.0,212372.52,12640.0,400000,795135.77,795135.77,33129.25,131394.0,5600.0,0.0,60.0,2.0,855589.74,27648.0,62.0,883237.74,2795.92,2806.66,568318.2,661259.82,13145919.56,2534150.45,942.73,92182.81,0.0,83891.11,787.46,257893.91,52567.52,0.0,0.0,2922564.45,5362844.77,2440280.32,4827094.05,35444.54,1638310.75,4827094.05,2922564.45,5362844.77,4462349.71,9419454.02,2519856.13,2219815.47,300040.66,9803097.29,0.0,0.0,83891.11,4.965226
2023,2204600,HUGO NAPOLEÃO,264,145,50,5,5,40,0,35,15,0,20,5,25,25,0,25,15,20,0,20,0,5,15,5,0,10,10,5.1,24.0,6.6,92.0,11700.17,3518,4.5,65.3,0.0,24.5,0.0,10.2,910,940,900.0,1516.0,59,58976,20.0,0.0,40.0,40.0,13.0,17.4,26.1,26.1,0.0,17.4,20.0,60.0,0.0,0.0,20.0,0.0,15768.0,0.0,0.0,153923.75,12000.0,1235000,1574039.67,1574039.67,31660.92,135855.0,5600.0,0.0,25.0,2.0,323443.46,17093.86,27.0,340537.32,2883.96,50097.71,356972.92,3726.28,13145919.56,924361.11,161.03,45072.58,0.0,54312.71,2127.01,176285.95,27437.07,0.0,0.0,2395110.05,3707259.33,1312149.28,2888988.44,0.0,1118540.05,2888988.44,2395110.05,3707259.33,4251461.21,4673384.65,1239294.43,1081794.43,157500.0,7436646.3,0.0,0.0,54312.71,5.5360465
2023,2204659,ILHA GRANDE,699,345,60,60,0,40,5,65,5,0,50,0,50,55,15,55,35,20,0,50,0,0,20,5,0,5,20,4.5,21.2,5.9,92.1,14324.15,9274,20.5,79.4,5.2,7.9,0.0,7.5,964,550,550.0,2873.0,1145,10787,8.3,50.0,41.7,0.0,13.9,5.3,29.8,40.4,1.8,8.8,15.4,46.2,7.7,7.7,23.0,0.0,0.0,0.0,0.0,163372.95,13160.0,500000,808386.59,808386.59,48524.42,73491.0,9838.22,0.0,53.0,17.0,755822.34,311353.59,70.0,1067175.93,100.0,29.02,674804.81,1053509.16,13145919.56,3451346.28,256.45,74343.76,0.0,148107.43,0.0,246716.5,44549.95,644186.31,0.0,3098403.81,8970401.93,5871998.12,6538011.01,185561.71,2729601.53,6538011.01,3098403.81,8970401.93,4778154.09,11039421.31,3095232.37,1595232.37,1500000.0,14636021.26,0.0,0.0,148107.43,4.7629533
2023,2204709,INHUMA,806,470,75,115,10,105,10,180,15,0,30,5,70,70,0,70,30,55,5,60,0,15,35,35,5,25,15,5.5,16.4,4.0,93.5,12709.56,14958,3.8,63.7,0.0,27.5,0.0,8.8,2564,7600,7600.0,18020.0,352,80974,0.0,42.9,50.0,7.1,33.4,0.0,21.0,35.8,4.9,4.9,0.0,18.8,37.5,6.3,31.3,6.1,94609.77,15768.0,0.0,296917.48,25996.61,950000,1605112.25,1605112.25,102122.05,148944.0,16402.24,64729.87,234.0,28.0,3435647.47,462584.25,262.0,3898231.72,337489.04,30045.91,522830.18,1156326.58,21909865.9,3274560.92,616.01,372753.47,0.0,204266.74,12.91,457997.88,357773.03,0.0,0.0,4628732.97,8725569.72,4096836.75,4248633.04,97682.03,2354908.56,4248633.04,4628732.97,8725569.72,9871855.98,12743813.96,4820335.92,762306.97,4058028.95,17322431.74,359989.53,0.0,204266.74,5.9718475
2023,2204808,IPIRANGA DO PIAUÍ,569,315,135,65,0,75,145,55,10,0,55,0,35,55,0,40,35,45,5,55,0,10,40,10,0,5,10,6.5,17.2,5.7,100.0,10805.77,9420,3.2,58.9,1.8,33.6,5.7,0.0,947,1658,1658.0,2821.0,104,42094,0.0,45.5,45.5,9.0,28.3,13.3,15.0,36.7,6.7,0.0,8.3,16.7,50.0,16.7,8.3,0.0,0.0,0.0,0.0,153923.75,12000.0,325000,714849.07,714849.07,65803.3,148524.0,9598.02,0.0,62.0,5.0,971021.68,78840.34,67.0,1049862.02,47018.0,23428.85,751311.45,942269.46,13145919.56,1277508.87,343.75,215336.2,0.0,114647.45,0.0,204618.8,81569.93,0.0,0.0,2442179.43,6996882.72,4554703.29,5252797.93,10923.26,2127371.99,5252797.93,2442179.43,6996882.72,4334123.58,9249360.08,2693144.75,1077928.39,1588537.26,11773023.18,0.0,0.0,114647.45,5.921242
2023,2204907,ISAÍAS COELHO,651,280,55,20,70,30,80,20,10,0,45,0,50,50,10,30,15,35,10,50,0,0,5,10,0,5,5,5.6,14.5,4.4,78.6,12081.16,7774,5.7,69.3,1.1,11.4,0.0,18.2,2434,3330,3330.0,2314.0,262,90201,0.0,10.0,70.0,20.0,31.9,5.8,40.6,14.5,5.8,1.4,10.0,50.0,20.0,0.0,20.0,0.0,0.0,0.0,0.0,212681.08,20218.7,650000,1103581.13,1103581.13,63551.0,147048.0,10082.35,0.0,83.0,14.0,1192038.37,206322.0,97.0,1398360.37,15083.47,8295.09,208125.75,502318.93,13145919.56,1405414.84,344.6,138179.97,0.0,124254.91,183163.8,0.0,212298.48,0.0,0.0,2702286.46,7108044.65,4405758.19,3273952.9,25630.35,2176891.61,3273952.9,2702286.46,7108044.65,5163580.53,8863707.84,2760042.7,1473153.46,1252004.9,11153382.58,0.0,0.0,124254.91,5.408903
2023,2205003,ITAINÓPOLIS,558,435,75,55,20,50,120,50,0,10,45,0,90,90,20,50,20,35,0,85,0,5,20,5,5,20,15,6.5,15.1,4.5,84.9,11756.39,10790,3.6,51.6,3.5,28.0,0.6,16.3,5720,6247,6247.0,4166.0,1683,122299,18.8,68.8,12.4,0.0,54.0,6.3,6.3,18.8,8.3,6.3,50.0,5.6,11.1,11.1,22.2,0.0,63072.0,0.0,0.0,213852.86,21073.66,600000,1071753.27,1071753.27,83159.21,147045.0,6622.54,0.0,122.0,22.0,1755815.55,337728.0,144.0,2093543.55,49657.2,2400.0,433748.35,1376240.39,17527892.74,2323541.63,409.8,265786.43,0.0,136511.3,238.1,291236.69,188964.32,0.0,0.0,3654466.04,8343077.86,4688611.82,7208019.55,97131.8,2533691.33,7208019.55,3654466.04,8343077.86,6649296.86,11041463.14,3702715.14,1244422.49,2458292.65,14981390.76,0.0,0.0,136511.3,6.1136637
2023,2205102,ITAUEIRA,581,435,195,40,0,35,0,90,0,0,15,0,120,120,0,30,25,80,0,30,0,0,15,5,0,0,30,5.1,14.9,4.5,58.8,15919.97,10323,14.6,28.7,0.0,26.0,1.2,44.1,2008,10113,10113.0,22165.0,401,112216,15.4,23.1,34.6,26.9,43.4,17.4,15.2,19.6,3.3,1.1,50.0,11.5,11.5,19.2,3.8,4.0,141922.0,0.0,0.0,197867.9,12000.0,600000,1041327.24,1041327.24,74428.29,146355.0,10676.05,0.0,297.0,80.0,4574561.45,1261511.77,377.0,5836073.22,111574.95,63048.46,485313.13,524960.57,17527892.74,3016708.69,843.75,470133.09,0.0,127533.35,17460.0,180655.8,61422.3,0.0,0.0,3894746.59,6835389.45,2940642.86,3247224.7,17105.58,2104520.1,3247224.7,3894746.59,6835389.45,6106065.91,8149696.27,4846023.7,1506882.84,791443.56,12359679.45,0.0,0.0,127533.35,4.983922
2023,2205151,JACOBINA DO PIAUÍ,423,245,10,35,0,5,50,65,0,0,30,0,60,60,0,50,5,40,0,55,0,0,0,5,0,5,0,6.1,16.3,7.5,79.1,16246.53,5613,10.9,59.2,0.0,19.2,4.2,17.4,3873,1456,1276.0,1611.0,302,114939,0.0,41.7,58.3,0.0,37.3,20.9,11.6,25.6,2.3,2.3,8.3,41.7,8.3,41.7,0.0,0.0,0.0,0.0,0.0,207018.76,22383.69,1710000,2063551.52,2063551.52,46026.53,71061.0,7061.54,0.0,32.0,3.0,440347.42,40776.44,35.0,481123.86,60188.8,20709.39,256987.59,217593.31,13145919.56,1915668.53,352.72,409985.39,0.0,182355.12,0.0,353330.56,83595.97,565430.96,0.0,2394544.29,7950062.97,5555518.68,8227670.83,180347.33,2500587.26,8227670.83,2394544.29,7950062.97,4213435.43,11775484.67,3412432.18,2545301.93,867130.25,14951451.68,0.0,0.0,182355.12,5.4104557
2023,2205201,JAICÓS,1123,550,415,75,0,190,40,100,5,0,15,0,100,100,0,55,85,85,5,100,5,5,45,20,0,30,25,5.8,22.5,4.3,98.1,12226.28,17527,5.0,53.4,0.0,45.1,0.0,1.5,3933,5135,3435.0,4136.0,965,108059,19.0,42.9,38.1,0.0,23.7,6.8,35.6,22.0,3.4,8.5,27.3,36.4,13.6,13.6,9.1,0.0,179977.76,15768.44,0.0,217368.07,37249.06,864268,1475131.02,1475131.02,124761.56,147822.0,18932.46,64729.87,372.0,49.0,5534245.06,741281.98,421.0,6275527.04,244483.25,22592.57,498814.55,2495047.59,26291839.09,2795130.33,894.16,480720.28,0.0,223783.55,1339.22,406069.25,271848.78,955803.58,0.0,5442264.77,13200473.97,7758209.2,7683929.64,19605.23,4023820.92,7683929.64,5442264.77,13200473.97,9144485.7,14762696.05,3504815.59,626439.2,2413787.61,21780810.24,0.0,0.0,223783.55,6.027741
2023,2205250,JARDIM DO MULATO,287,210,50,45,20,85,0,5,5,0,10,0,45,45,5,15,10,20,0,35,0,0,0,5,0,5,15,5.2,16.5,7.8,75.0,12314.82,4180,13.6,55.2,5.2,15.6,0.0,24.0,339,1048,864.0,1997.0,65,32386,0.0,33.3,44.4,22.3,0.0,13.1,56.5,21.7,8.7,0.0,33.3,55.6,0.0,0.0,11.1,0.0,0.0,0.0,0.0,150828.87,12000.0,1400000,1714005.28,1714005.28,34228.41,111348.0,5600.0,0.0,11.0,4.0,105210.6,67040.81,15.0,172251.41,8225.36,20115.26,328859.06,587403.65,13145919.56,950513.87,196.19,75018.91,0.0,58608.78,1343.9,176919.07,33206.68,245473.0,0.0,2600649.21,3720370.66,1119721.45,2496795.59,38136.93,1130880.68,2496795.59,2600649.21,3720370.66,4296451.45,5221279.21,1168147.75,393716.41,745092.38,7412024.5,0.0,0.0,58608.78,4.979669
2023,2205276,JATOBÁ DO PIAUÍ,310,275,90,80,5,240,185,75,25,0,25,0,85,85,15,55,25,60,5,50,0,5,20,5,5,25,10,4.5,16.3,4.8,100.0,15576.98,4494,3.9,90.0,0.0,6.0,4.0,0.0,880,1731,1731.0,9667.0,627,83986,5.9,11.8,82.3,0.0,38.7,6.8,29.5,20.5,4.5,0.0,35.3,17.6,5.9,29.4,11.8,0.0,0.0,0.0,0.0,133148.84,20039.43,300000,569275.46,569275.46,36212.32,73935.0,5939.87,0.0,16.0,0.0,219568.51,0.0,16.0,219568.51,3500.0,0.0,257255.12,796402.65,13145919.56,1651096.66,192.91,106616.22,0.0,92943.32,4045.13,152266.78,157026.82,364697.61,0.0,2697302.31,5274879.34,2577577.03,3131526.85,1828.61,1617622.23,3131526.85,2697302.31,5274879.34,5391000.42,7519350.11,2819940.09,1268252.28,1457898.77,9155494.27,0.0,0.0,92943.32,5.8573475
2023,2205300,JERUMENHA,305,215,35,20,0,25,90,10,30,0,35,0,40,40,5,30,5,25,5,40,0,0,25,20,0,5,5,4.5,16.9,6.7,51.4,15315.81,4497,23.6,34.9,0.0,15.8,0.0,49.3,137,619,619.0,1163.0,1087,20600,0.0,33.3,66.7,0.0,26.7,31.1,26.7,8.9,2.2,4.4,44.4,22.2,11.1,11.1,11.2,0.0,0.0,0.0,0.0,196953.98,20067.01,100000,458912.5,458912.5,31056.51,110835.0,0.0,0.0,27.0,24.0,377168.25,412580.97,51.0,789749.22,25766.36,1170.56,637613.7,11405.36,13145919.56,1776437.82,423.81,35162.73,0.0,62101.96,4870.36,36382.0,26992.72,0.0,0.0,2404121.54,4280693.03,1876571.49,3566855.35,50387.8,1294743.0,3566855.35,2404121.54,4280693.03,4498631.86,6227423.7,1848954.14,1551935.48,297018.66,7916977.95,0.0,0.0,62101.96,4.474373
2023,2205359,JOÃO COSTA,217,125,75,15,0,5,90,5,5,0,5,0,20,20,0,20,5,0,0,20,15,0,5,5,0,5,5,3.7,16.7,4.3,75.0,27629.45,2970,2.8,48.1,0.0,30.8,0.0,21.1,1217,622,622.0,2452.0,220,56081,0.0,25.0,50.0,25.0,12.4,6.3,37.5,43.8,0.0,0.0,0.0,50.0,50.0,0.0,0.0,0.0,0.0,0.0,0.0,193369.78,12000.0,200000,441769.78,441769.78,30800.0,0.0,5600.0,0.0,5.0,1.0,65702.82,9168.0,6.0,74870.82,3754.59,3350.0,406379.95,354987.68,13145919.56,3795335.22,399.38,32472.97,0.0,46291.08,0.0,75017.4,71053.88,0.0,0.0,3159526.89,2629519.0,-530007.89,1071434.76,14044.01,803863.76,1071434.76,3159526.89,2629519.0,6240254.16,3711637.25,1702581.16,632028.09,1070553.07,5546710.09,0.0,0.0,46291.08,5.013277
2023,2205409,JOAQUIM PIRES,1003,405,285,85,0,90,0,40,65,0,55,5,95,95,20,40,75,90,0,35,55,0,35,5,0,5,25,6.1,19.8,7.1,87.5,10481.29,13886,4.5,61.4,0.0,25.6,0.0,13.0,1747,1910,1910.0,2828.0,1131,97284,0.0,20.0,55.0,25.0,14.5,2.1,50.0,31.3,2.1,0.0,25.0,30.0,5.0,25.0,10.0,5.0,0.0,0.0,0.0,241833.99,12000.0,1500000,2018685.75,2018685.75,100866.68,147864.0,16121.08,0.0,118.0,16.0,1614261.09,232616.4,134.0,1846877.49,43246.18,2400.82,511899.56,1461031.0,21909865.9,2246647.12,346.04,295858.71,0.0,213689.25,815.29,354172.45,335834.51,0.0,0.0,4499704.75,12612097.51,8112392.76,8670355.2,72958.96,3840444.97,8670355.2,4499704.75,12612097.51,6945083.67,14822414.65,4082680.12,2582680.12,1500000.0,19471619.74,0.0,0.0,213689.25,5.936464
2023,2205458,JOCA MARQUES,430,265,50,45,20,10,0,75,5,0,15,0,80,80,0,40,0,25,0,55,0,0,0,0,0,0,5,5.2,15.1,8.0,84.6,10775.79,5394,15.6,70.0,0.0,14.0,0.0,16.0,916,675,654.0,1534.0,246,47491,6.3,6.3,75.0,12.4,55.5,13.9,5.6,11.1,8.3,5.6,18.8,25.0,6.3,37.5,12.4,0.0,0.0,0.0,0.0,149435.45,12000.0,500000,778149.61,778149.61,40700.51,69243.0,6770.65,0.0,19.0,8.0,269462.38,122194.38,27.0,391656.76,1285.19,1050.0,341192.56,536906.81,13143326.29,645761.63,108.75,22408.02,0.0,104309.84,0.0,182627.8,0.0,0.0,0.0,2522616.42,6165394.52,3642778.1,3423420.3,0.0,1864297.79,3423420.3,2522616.42,6165394.52,3954127.72,7497399.92,1129593.23,200000.0,929593.23,9999604.37,0.0,0.0,104309.84,4.8117843
2023,2205508,JOSÉ DE FREITAS,2667,1210,520,175,5,495,410,185,30,5,135,0,175,175,10,105,25,45,5,165,0,5,80,30,10,30,35,4.9,22.3,4.4,98.0,13013.65,42559,8.8,77.5,1.9,13.4,5.1,2.1,2393,7774,7774.0,75229.0,1997,310142,5.0,17.5,67.5,10.0,14.8,10.1,28.7,39.4,4.3,2.7,12.2,29.3,51.2,4.9,2.4,0.0,643585.04,0.0,0.0,487118.6,27426.73,1652134,2574235.68,2574235.68,228975.96,77940.0,35910.52,64729.87,661.0,165.0,9884414.99,2567842.32,826.0,12452257.31,160162.76,215644.11,2201357.02,5516661.8,39437758.62,6760986.92,1638.21,967624.16,0.0,549840.14,396.65,1066925.74,439637.29,0.0,0.0,7187257.35,33587315.9,26400058.55,23625762.83,262839.01,10227240.17,23625762.83,7187257.35,33587315.9,16401399.32,49744960.29,7446667.11,4578137.02,2868530.09,63358383.8,0.0,0.0,549840.14,5.6326365
2023,2205516,JUAZEIRO DO PIAUÍ,304,225,5,55,10,5,150,50,0,0,55,0,55,55,0,55,30,45,5,40,0,0,15,5,0,0,15,6.0,13.5,5.1,96.8,12918.12,5214,4.6,80.1,0.0,14.9,0.0,5.0,968,1622,1622.0,1125.0,3910,60534,0.0,10.0,70.0,20.0,35.5,9.7,3.2,41.9,0.0,9.7,45.5,9.1,0.0,0.0,45.4,0.0,0.0,0.0,0.0,111323.82,12000.0,1675000,1929772.21,1929772.21,23859.39,107589.0,0.0,0.0,14.0,2.0,188004.9,35496.58,16.0,223501.48,3200.0,1500.0,133462.09,668121.06,13145919.56,1472147.59,375.03,105407.22,0.0,105161.42,3890.33,199612.32,106540.36,444752.16,0.0,2718498.15,6258330.63,3539832.48,5499848.22,34329.64,1881846.62,5499848.22,2718498.15,6258330.63,4291645.49,8457331.47,2320649.32,971522.76,1349126.56,11596898.65,0.0,0.0,105161.42,5.8235717
2023,2205524,JÚLIO BORGES,447,195,10,20,0,10,55,40,15,0,15,0,35,35,0,35,5,15,0,35,0,0,5,0,0,0,10,6.2,16.5,5.9,76.0,20016.12,5388,5.1,31.7,4.4,35.0,3.3,25.6,1065,1187,1187.0,1336.0,232,58191,0.0,0.0,71.4,28.6,28.0,0.0,36.0,28.0,8.0,0.0,28.6,14.3,42.9,0.0,14.2,0.0,0.0,0.0,0.0,194237.37,12000.0,1550000,1911475.44,1911475.44,36543.13,110214.0,6101.46,2379.48,18.0,0.0,227497.52,3942.0,18.0,231439.52,69839.13,1722.55,611915.4,1367870.5,13145919.56,3770955.79,287.38,130169.86,0.0,96647.9,0.0,326960.0,89133.61,0.0,0.0,3148306.7,6579936.72,3431630.02,6097462.98,0.0,2007290.32,6097462.98,3148306.7,6579936.72,4931409.7,8901832.17,2272090.47,1904855.25,367235.22,12180176.67,0.0,0.0,96647.9,5.2656426
2023,2205532,JUREMA,359,265,5,25,0,90,100,70,0,0,20,0,70,70,0,35,5,70,0,50,0,0,5,0,0,15,10,4.2,18.9,7.0,100.0,13120.56,4425,20.1,30.2,11.1,58.7,0.0,0.0,2397,3488,2582.0,1734.0,108,45716,7.7,38.5,46.2,7.6,22.9,4.5,4.5,63.6,0.0,4.5,42.9,0.0,28.6,21.4,7.1,0.0,15768.44,0.0,0.0,178241.01,12000.0,725000,1102020.41,1102020.41,40466.4,146313.0,0.0,0.0,74.0,3.0,972767.44,68298.0,77.0,1041065.44,1399.82,26456.63,328800.93,984524.97,13145945.64,1482037.13,263.14,64864.35,0.0,82312.72,80.66,126924.02,150243.8,0.0,0.0,2703226.3,4843340.83,2140114.53,2072918.78,22176.86,1484949.73,2072918.78,2703226.3,4843340.83,4920804.2,6766012.17,1250750.83,522086.67,643303.27,8475550.35,0.0,0.0,82312.72,4.874797
2023,2205540,LAGOINHA DO PIAUÍ,217,155,145,20,15,45,105,10,25,0,10,0,35,35,0,35,30,30,0,30,0,0,15,5,0,0,0,5.4,13.6,4.7,89.7,15852.26,2939,11.5,81.0,0.0,12.0,0.0,7.0,418,369,369.0,862.0,34,14073,0.0,28.6,57.1,14.3,22.3,11.1,33.3,22.2,7.4,3.7,57.1,14.3,0.0,14.3,14.3,0.0,15768.0,0.0,0.0,147465.18,12000.0,200000,466977.18,466977.18,30800.0,71112.0,5600.0,0.0,4.0,1.0,52574.35,30216.0,5.0,82790.35,15413.05,5252.97,60598.73,55042.46,13143322.46,603447.1,54.56,9436.67,0.0,44375.01,0.0,0.0,25731.43,172784.01,0.0,2392966.8,3369486.05,976519.25,689956.1,0.0,500000.0,689956.1,2392966.8,3369486.05,4964673.09,2818486.52,1060508.97,210448.51,850060.46,5635636.88,0.0,0.0,44375.01,5.3207827
2023,2205557,LAGOA ALEGRE,648,340,40,60,0,30,0,35,10,0,35,0,35,35,5,20,20,15,0,35,0,0,10,0,0,0,5,5.2,28.0,8.5,89.2,11635.73,8256,2.0,85.0,0.0,5.3,4.9,4.8,285,925,925.0,2706.0,3213,43335,0.0,14.3,71.4,14.3,0.0,62.2,24.3,13.5,0.0,0.0,28.6,0.0,0.0,57.1,14.3,0.0,0.0,0.0,0.0,159849.99,41358.4,900000,1240904.23,1240904.23,56375.76,74439.0,8881.08,0.0,52.0,14.0,649480.55,178837.54,66.0,828318.09,1848.5,62300.0,1054031.03,1241237.08,13145919.58,1230940.29,198.61,125567.48,0.0,181461.08,44.02,501068.28,205108.52,2.96,0.0,2665688.38,10765408.95,8099720.57,7547944.4,62297.32,3281506.46,7547944.4,2665688.38,10765408.95,4488505.59,13340986.69,2513018.88,303985.06,2209033.82,17650497.16,0.0,0.0,181461.08,5.817652
2023,2205565,LAGOA DO BARRO DO PIAUÍ,418,195,185,40,0,45,0,35,0,0,25,5,40,40,0,25,15,40,0,40,0,0,5,5,0,5,5,5.3,17.4,4.4,86.7,73812.32,4995,6.7,69.3,0.0,15.1,2.6,13.0,1754,1956,1956.0,931.0,211,64280,0.0,25.0,62.5,12.5,3.3,3.3,56.7,30.0,6.7,0.0,25.0,25.0,25.0,12.5,12.5,0.0,0.0,0.0,0.0,185779.84,12000.0,625000,976798.14,976798.14,30861.43,52827.0,5600.0,64729.87,32.0,4.0,575392.47,51264.1,36.0,626656.57,19183.53,1275.18,6844745.69,1444044.16,13145919.56,37140939.55,347.37,208991.36,0.0,98505.52,3.74,116218.14,122718.25,0.0,0.0,9864181.59,4783738.32,-5080443.27,1461242.74,42832.8,1461242.74,1461242.74,9864181.59,4783738.32,19909485.87,6073750.21,3427428.31,1085105.12,2342323.19,12635665.94,0.0,0.0,98505.52,5.607329
2023,2205573,LAGOA DE SÃO FRANCISCO,475,290,65,60,0,180,0,25,10,0,60,0,60,60,0,40,15,50,5,60,0,0,10,15,5,5,15,5.8,14.3,4.9,98.0,10787.99,6331,7.8,91.5,0.0,4.2,0.8,3.5,470,1461,1461.0,2451.0,733,52786,8.3,16.7,58.3,16.7,28.0,6.0,26.0,28.0,6.0,6.0,25.0,0.0,8.3,0.0,58.3,8.4,45984.0,0.0,0.0,157402.86,12000.0,400000,703751.09,703751.09,52942.12,72918.0,8488.11,0.0,66.0,6.0,951673.99,82788.5,72.0,1034462.49,3870.63,8778.15,234108.89,918426.01,13439300.76,1132756.32,107.76,79072.89,0.0,151430.57,0.0,206983.2,70698.68,0.0,0.0,2855859.47,10419548.67,7563689.2,2455051.6,0.0,0.0,2455051.6,2855859.47,10419548.67,5676088.05,10396280.5,1912070.39,712070.39,1200000.0,14392230.23,0.0,0.0,151430.57,5.5191774
2023,2205581,LAGOA DO PIAUÍ,354,145,125,15,5,95,0,55,0,0,15,5,25,25,5,20,15,25,0,25,0,0,5,5,0,5,15,3.9,23.0,4.9,80.0,20966.44,4810,14.7,71.9,0.0,1.6,7.8,18.7,308,815,815.0,1758.0,163,200407,0.0,40.0,20.0,40.0,8.8,21.7,39.1,30.4,0.0,0.0,20.0,20.0,20.0,20.0,20.0,0.0,0.0,0.0,0.0,150200.22,12080.0,200000,541018.2,541018.2,31041.98,147696.0,0.0,0.0,11.0,8.0,124968.78,115679.76,19.0,240648.54,504.0,877.72,361462.97,393259.31,13145919.56,2437883.47,335.73,172814.96,0.0,73505.27,0.0,98351.0,83723.3,0.0,0.0,2913849.66,4196260.5,1282410.84,2141706.9,0.0,1285090.26,2141706.9,2913849.66,4196260.5,4245020.58,5562246.52,1322604.58,0.0,1187218.0,6947905.13,0.0,0.0,73505.27,4.587372
2023,2205599,LAGOA DO SÍTIO,307,290,20,40,10,265,0,15,5,0,5,0,60,60,5,30,25,30,0,40,10,5,5,15,0,20,0,4.5,18.4,6.0,100.0,11843.89,4520,2.9,85.1,0.0,14.9,0.0,0.0,1454,5008,5008.0,3801.0,135,40180,0.0,8.3,50.0,41.7,18.7,50.0,18.8,12.5,0.0,0.0,58.3,25.0,8.3,0.0,8.4,0.0,0.0,0.0,0.0,195379.27,20632.39,1500000,1955731.04,1955731.04,38341.35,130290.0,6358.16,64729.87,13.0,0.0,113215.71,2640.0,13.0,115855.71,17231.19,9279.0,546261.12,337947.5,13145919.56,1204483.3,291.85,58161.32,0.0,66651.14,2692.27,160783.74,56488.29,1375912.08,0.0,2646086.91,4209506.34,1563419.43,2490360.37,10161.8,1279619.88,2490360.37,2646086.91,4209506.34,4792079.82,4823725.71,1838946.46,266062.74,898957.57,8713899.8,0.0,0.0,66651.14,5.7653127
2023,2205607,LANDRI SALES,278,305,110,35,5,30,0,70,5,0,45,0,40,40,0,40,25,40,0,40,0,5,5,0,0,0,15,6.3,15.9,8.5,92.9,24792.33,5213,4.3,78.6,0.0,11.5,6.9,3.0,453,8783,8783.0,85298.0,187,51442,0.0,20.0,80.0,0.0,23.6,17.6,23.5,35.3,0.0,0.0,20.0,20.0,10.0,30.0,20.0,0.0,0.0,0.0,0.0,196640.32,23804.04,675000,1129440.81,1129440.81,37932.35,103518.0,5907.65,86638.45,61.0,32.0,897722.37,481014.0,93.0,1378736.37,9774.47,5814.54,258876.8,464148.1,13145919.56,3941343.11,422.48,318329.96,0.0,120603.31,7.04,293328.39,24180.02,0.0,0.0,3259280.47,7061489.19,3802208.72,6496964.42,44733.35,2143633.79,6496964.42,3259280.47,7061489.19,4975272.0,9940758.36,1990092.47,904964.64,1085127.83,14017528.27,0.0,0.0,120603.31,6.0805154
2023,2205706,LUÍS CORREIA,2411,1045,165,70,15,275,315,310,25,0,240,10,310,315,5,100,30,100,0,205,0,5,75,35,0,10,55,4.7,17.6,5.5,80.9,15071.51,30641,22.8,66.5,1.0,3.9,1.7,26.9,5460,12742,12742.0,24693.0,4085,147053,22.2,42.9,30.2,4.7,27.0,10.5,35.5,23.0,2.0,2.0,36.4,43.9,9.1,4.5,6.1,0.0,216813.08,0.0,0.0,400604.04,35415.02,1220000,2420847.1,2420847.1,207354.85,436182.0,29968.29,91322.9,517.0,270.0,7476807.06,4346689.09,787.0,11823496.15,755137.27,428185.53,5991739.85,3218697.83,32937737.34,5904056.73,856.74,1186827.77,0.0,442465.32,39598.57,690987.87,314102.65,0.0,0.0,7423192.36,26013779.72,18590587.36,14083427.28,35832.29,7955538.74,14083427.28,7423192.36,26013779.72,13203387.89,32404322.91,7351214.31,6166580.53,1184410.9,41837284.38,0.0,0.0,442465.32,4.8108377
2023,2205805,LUZILÂNDIA,1803,1205,95,140,0,360,5,120,60,0,115,0,230,240,60,115,70,180,10,230,10,0,30,20,5,20,30,4.5,20.4,6.5,91.6,12553.79,25375,17.8,64.9,0.9,18.2,5.9,10.1,2248,2755,2755.0,3884.0,2657,127044,2.1,38.3,55.3,4.3,17.4,25.9,24.5,20.3,5.6,6.3,4.0,16.0,10.0,38.0,28.0,4.0,220758.5,9168.0,0.0,358957.34,34766.9,3010000,3864336.44,3864336.44,172924.05,194964.0,27994.28,64729.87,548.0,49.0,8292776.51,722733.64,597.0,9015510.15,38147.73,34979.15,2436701.65,7637.21,30673212.29,3701279.66,814.13,1185211.61,0.0,468657.64,858.07,775949.81,322319.49,1921857.4,0.0,6495065.45,26733933.07,20238867.62,25328637.71,111063.41,8157569.14,25328637.71,6495065.45,26733933.07,10736095.8,36859001.81,10264293.04,6084020.24,4180272.8,49311073.9,0.0,0.0,468657.64,5.13897
2023,2205854,MADEIRO,638,340,130,60,0,75,5,75,0,0,65,0,60,60,0,30,10,15,0,60,0,0,10,0,0,0,10,4.7,21.1,8.0,66.7,10871.74,8032,3.4,41.1,1.5,8.4,0.0,49.0,656,865,865.0,1689.0,305,34225,0.0,8.3,50.0,41.7,14.2,22.9,22.9,37.1,2.9,0.0,8.3,25.0,0.0,58.3,8.4,0.0,0.0,0.0,0.0,153923.75,12000.0,730000,1105655.47,1105655.47,61412.61,136128.0,10252.8,1938.31,14.0,3.0,185295.35,47308.92,17.0,232604.27,5272.2,152581.52,300681.81,571720.3,13365022.93,1053252.75,318.87,106119.47,0.0,222545.1,0.0,79812.0,97017.52,0.0,0.0,2624454.44,15364545.25,12740090.81,5024959.43,0.0,4180703.89,5024959.43,2624454.44,15364545.25,4305122.66,14674254.29,1461394.4,595142.76,866251.64,22153336.06,0.0,0.0,222545.1,5.107796
2023,2205904,MANOEL EMÍDIO,381,265,165,15,25,60,90,55,15,0,50,5,45,45,0,35,5,35,0,45,0,5,10,0,0,0,5,5.9,17.7,4.7,87.5,13333.95,5209,12.3,75.0,6.7,1.2,4.9,12.2,897,794,794.0,1615.0,97,36306,0.0,22.2,55.6,22.2,16.2,16.1,41.9,12.9,0.0,12.9,11.1,33.3,22.2,22.2,0.0,11.2,0.0,0.0,0.0,197991.75,12000.0,350000,693652.96,693652.96,26927.21,106734.0,0.0,0.0,19.0,2.0,262977.59,26328.0,21.0,289305.59,19089.98,4262.8,131640.08,60523.23,13148437.97,1601343.27,648.0,378319.48,0.0,76000.75,3000.0,104588.8,0.0,0.0,0.0,2417014.91,5704704.61,3287689.7,2149316.09,0.0,907065.34,2149316.09,2417014.91,5704704.61,3907751.79,6152119.74,1287967.49,247976.74,923177.98,8183323.38,0.0,20366.03,76000.75,5.243586
2023,2205953,MARCOLÂNDIA,911,355,255,70,15,270,100,55,5,0,55,0,50,50,5,50,10,30,0,35,5,5,10,20,0,15,10,5.1,24.2,4.3,71.4,22835.46,8533,6.9,21.9,2.9,44.6,0.0,30.6,1197,3536,3410.0,26005.0,105,15464,33.3,33.3,33.4,0.0,21.7,27.0,18.9,32.4,0.0,0.0,18.2,36.4,27.3,0.0,18.1,0.0,27576.0,0.0,0.0,146989.94,23238.66,2500000,2855585.13,2855585.13,46508.66,74118.0,0.0,64729.87,69.0,19.0,952884.94,273409.14,88.0,1226294.08,14402.79,17701.15,3094042.67,854137.32,13145919.56,7790744.99,335.61,1437910.09,0.0,180406.28,0.0,281094.26,77131.67,264212.92,0.0,4207615.08,10377549.64,6169934.56,6547383.22,37614.77,3151541.28,6547383.22,4207615.08,10377549.64,6667376.33,12270444.69,2158184.68,1207337.8,770375.38,17899469.32,0.0,0.0,180406.28,5.0933275
2023,2206001,MARCOS PARENTE,333,235,100,30,0,85,5,15,0,0,20,25,25,25,0,25,25,20,0,15,0,0,5,0,0,5,10,5.1,22.2,6.2,87.1,14543.85,4724,16.2,63.1,0.0,17.7,0.0,19.2,247,414,414.0,934.0,393,27654,0.0,20.0,80.0,0.0,27.7,11.1,30.6,16.7,5.6,8.3,16.7,33.3,16.7,0.0,16.7,16.6,0.0,0.0,0.0,197088.18,21956.21,300000,665908.26,665908.26,8400.0,73734.0,0.0,64729.87,20.0,6.0,261582.88,95929.4,26.0,357512.28,7592.51,3907.87,283223.41,375153.29,13145919.56,1440598.26,242.11,94136.18,0.0,73633.31,1920.0,172796.2,23389.08,0.0,0.0,2684007.41,4684195.92,2000188.51,2271220.45,0.0,1351240.89,2271220.45,2684007.41,4684195.92,3939863.18,5449059.64,1878093.31,380639.88,1325609.55,7034659.53,0.0,0.0,73633.31,4.946562
2023,2206050,MASSAPÊ DO PIAUÍ,345,230,165,45,0,25,65,30,0,0,20,0,60,60,0,15,15,15,0,40,0,0,10,10,0,0,5,5.1,15.0,7.7,100.0,11675.45,5218,15.7,42.1,17.1,38.8,2.0,0.0,1113,1659,1050.0,248.0,2671,57975,0.0,0.0,27.3,72.7,13.9,10.3,27.6,37.9,3.4,6.9,33.3,16.7,16.7,16.7,16.6,0.0,0.0,0.0,0.0,138648.1,12000.0,825000,1138835.42,1138835.42,46276.98,109893.0,7017.34,0.0,36.0,4.0,496930.76,55206.67,40.0,552137.43,33115.31,13637.26,153327.79,317539.33,13145919.56,1209629.18,232.14,78281.51,0.0,87652.57,6797.63,245213.27,150440.98,567912.96,0.0,2651207.83,5342312.83,2691105.0,2494234.31,60559.58,1642713.76,2494234.31,2651207.83,5342312.83,4543334.64,7196510.24,886956.42,313004.52,572400.69,9165796.33,0.0,0.0,87652.57,5.187681
2023,2206100,MATIAS OLÍMPIO,922,455,35,35,0,170,0,0,10,0,35,10,60,115,5,50,5,30,0,35,0,0,20,0,0,0,10,4.8,15.9,4.7,39.0,12453.37,10641,10.0,30.0,0.0,9.3,0.0,60.7,323,1123,1123.0,1867.0,3555,37602,13.0,47.8,39.2,0.0,45.7,7.1,22.9,15.7,4.3,4.3,24.0,52.0,4.0,0.0,20.0,0.0,0.0,0.0,0.0,228836.97,25624.29,400000,889382.49,889382.49,75755.98,146109.0,13056.25,0.0,94.0,18.0,1358942.15,258870.0,112.0,1617812.15,12766.0,3066.78,466815.07,290105.8,17919067.66,1346880.54,281.64,203800.91,0.0,180154.18,0.0,284319.2,62042.91,0.0,0.0,3191208.3,10469981.53,7278773.23,8774240.42,56645.41,3196080.4,8774240.42,3191208.3,10469981.53,6165515.77,13889443.45,3851284.63,1682721.43,2168563.2,19530193.95,0.0,0.0,180154.18,4.934825
2023,2206209,MIGUEL ALVES,2882,1220,170,80,0,150,50,105,90,20,75,30,230,230,0,50,65,85,0,140,5,0,55,20,0,30,60,3.8,19.2,8.0,89.4,13122.77,32150,17.3,86.0,1.0,4.6,0.0,8.4,1931,9003,9003.0,56240.0,1866,145145,2.2,21.7,58.7,17.4,17.2,14.0,47.8,14.0,5.9,1.1,27.7,14.9,6.4,46.8,4.2,0.0,141913.32,63072.0,0.0,439445.84,52472.95,3700000,4717860.45,4717860.45,213118.25,217623.0,30470.54,64729.87,524.0,81.0,7889150.45,1262780.84,605.0,9151931.29,15984.92,815.31,1684501.91,7323351.46,35055785.45,5127419.76,1203.26,1073440.77,0.0,611278.63,2.34,1899026.16,665523.61,0.0,0.0,7545199.25,39554446.45,32009247.2,27299208.54,106864.13,12058683.04,27299208.54,7545199.25,39554446.45,17911087.4,53356027.92,11698501.07,3295382.79,8233866.27,66477562.46,0.0,0.0,611278.63,5.1752834
2023,2206308,MIGUEL LEÃO,101,100,65,10,5,15,75,20,10,0,15,5,15,15,5,15,0,5,0,15,0,0,0,10,0,5,5,4.2,16.8,10.3,70.0,26322.75,1318,6.9,72.0,0.0,14.0,0.0,14.0,86,318,318.0,598.0,58,6832,0.0,33.3,66.7,0.0,30.0,10.0,40.0,10.0,10.0,0.0,0.0,33.3,0.0,33.3,33.4,0.0,0.0,0.0,0.0,153686.93,12000.0,425000,627086.93,627086.93,30800.0,0.0,5600.0,0.0,2.0,1.0,35496.53,15768.0,3.0,51264.53,200.0,306.68,80963.65,170710.22,13145919.56,831391.92,36.22,35090.75,0.0,30486.16,0.0,81844.04,14246.59,259040.7,0.0,2566346.24,1824618.26,-741727.98,586840.34,0.0,555946.96,586840.34,2566346.24,1824618.26,3759478.08,2299411.72,715561.28,342184.93,373376.35,3287263.69,0.0,0.0,30486.16,4.9442525
2023,2206357,MILTON BRANDÃO,461,345,30,40,0,135,95,145,0,0,65,0,95,95,0,30,25,45,0,55,0,0,15,0,0,5,5,4.5,14.0,4.0,97.6,10382.88,6542,14.8,88.7,0.0,7.2,0.0,4.1,1386,3073,3073.0,3734.0,1159,89855,0.0,5.6,55.6,38.8,30.0,7.5,27.5,30.0,0.0,5.0,57.9,15.8,10.5,10.5,5.3,0.0,31536.0,0.0,0.0,174301.66,12000.0,100000,497916.07,497916.07,55157.31,147750.0,8707.1,0.0,33.0,4.0,496794.26,52584.0,37.0,549378.26,7242.68,4500.0,188711.73,725902.83,13145919.56,1343097.4,385.56,109037.07,0.0,100855.22,13306.92,141379.25,123473.58,0.0,0.0,2684244.34,5631215.18,2946970.84,2967361.62,24896.74,1724456.97,2967361.62,2684244.34,5631215.18,5225698.73,8001040.95,2281617.37,733204.91,1548412.46,8889527.0,0.0,0.0,100855.22,5.142556
2023,2206407,MONSENHOR GIL,783,445,235,25,0,85,10,125,0,0,45,0,60,95,10,45,15,55,0,95,0,0,5,10,0,0,15,4.7,19.9,4.5,71.1,15760.8,10255,5.7,48.3,0.0,8.8,9.2,33.7,816,1196,1196.0,2920.0,378,43603,10.5,15.8,47.4,26.3,51.6,22.6,9.7,12.9,0.0,3.2,36.8,26.3,15.8,5.3,15.8,0.0,99798.0,0.0,0.0,154597.76,12000.0,500000,831221.15,831221.15,30834.52,63459.0,5600.0,64729.87,100.0,17.0,1521775.21,288978.0,117.0,1810753.21,275002.76,62004.16,616660.03,1134467.04,17527892.74,2912256.0,406.72,180159.19,0.0,160114.04,0.0,257298.8,104243.89,279659.76,0.0,3192113.68,9379558.89,6187445.21,6340315.02,37881.19,2936504.2,6340315.02,3192113.68,9379558.89,6127284.13,11047442.22,4877867.56,2749290.99,2128576.57,14310132.91,0.0,0.0,160114.04,5.187021
2023,2206506,MONSENHOR HIPÓLITO,514,345,320,140,0,165,0,50,40,0,35,260,60,60,5,60,55,60,10,60,0,0,25,20,10,20,15,6.4,20.6,7.3,97.9,12065.99,7577,3.9,78.0,0.0,17.1,0.0,4.9,2173,7065,7065.0,8315.0,601,52412,16.7,50.0,33.3,0.0,18.7,47.9,31.3,0.0,2.1,0.0,66.7,16.7,0.0,16.6,0.0,0.0,47304.44,0.0,0.0,152815.79,12000.0,825000,1261335.58,1261335.58,49921.94,148293.0,8574.98,64729.87,121.0,6.0,1797822.78,94608.0,127.0,1892430.78,9596.98,11626.55,422542.26,889406.99,13145919.56,1597213.9,299.51,335882.77,0.0,112551.4,0.0,377636.02,188943.73,0.0,0.0,2780136.08,7530172.43,4750036.35,5480331.45,66925.97,2279358.83,5480331.45,2780136.08,7530172.43,4965195.94,9156603.35,2358187.07,1262714.91,1095472.16,12901134.96,0.0,0.0,112551.4,6.127412
2023,2206605,MONTE ALEGRE DO PIAUÍ,842,485,205,140,0,45,5,15,35,0,65,0,75,75,0,30,10,40,5,70,0,0,25,20,0,0,15,4.1,13.6,4.2,75.6,36708.6,10660,7.5,48.7,1.7,21.3,4.6,23.7,1196,36541,36541.0,323963.0,540,105941,0.0,25.0,62.5,12.5,44.4,19.8,13.6,18.5,2.5,1.2,0.0,37.5,25.0,12.5,18.8,6.2,0.0,0.0,0.0,224426.9,12000.0,920000,1367517.71,1367517.71,69097.81,141993.0,0.0,0.0,80.0,24.0,1093705.55,355058.67,104.0,1448764.22,2215.71,201457.75,1861912.88,1633754.2,17527892.74,16120299.0,770.9,288930.89,0.0,193181.83,1716.02,293383.4,204738.21,675651.39,0.0,6522920.04,11425125.28,4902205.24,5553912.42,36714.14,3498943.88,5553912.42,6522920.04,11425125.28,12724060.34,15774530.57,2179411.85,1600504.52,578907.33,22359237.49,0.0,0.0,193181.83,5.2637396
2023,2206654,MORRO CABEÇA NO TEMPO,377,245,20,20,0,60,50,40,10,0,30,15,40,40,0,20,5,25,0,25,20,0,5,5,5,5,10,3.9,19.7,7.1,66.7,12180.55,4377,7.7,69.1,0.0,0.0,0.0,30.9,753,1139,1139.0,821.0,143,26185,0.0,33.3,55.6,11.1,81.0,9.5,0.0,0.0,9.5,0.0,44.4,44.4,0.0,0.0,11.2,0.0,0.0,0.0,0.0,185510.25,12000.0,1550000,1852464.13,1852464.13,31351.88,73602.0,0.0,0.0,17.0,0.0,231475.87,0.0,17.0,231475.87,28.41,10.0,450475.07,431218.17,13145919.56,2350713.4,484.54,86246.93,0.0,84367.07,0.0,294532.0,78387.11,318901.27,0.0,3080753.4,5894920.64,2814167.24,5872920.24,135000.0,1765226.49,5872920.24,3080753.4,5894920.64,5144113.54,8477748.69,3121171.25,1795958.5,1325000.0,10158317.98,0.0,0.0,84367.07,4.8609366
2023,2206670,MORRO DO CHAPÉU DO PIAUÍ,592,340,20,50,0,30,155,85,10,0,45,0,75,75,10,30,35,60,0,65,0,0,35,5,0,10,0,4.8,19.9,6.2,83.3,11779.57,6425,10.5,70.4,0.0,10.3,0.0,19.3,599,1044,1044.0,2123.0,1269,44426,0.0,33.3,46.7,20.0,17.6,11.8,27.5,29.4,3.9,9.8,20.0,33.3,13.3,6.7,26.7,0.0,0.0,0.0,0.0,156929.55,12000.0,400000,699114.27,699114.27,48354.9,73962.0,7867.82,0.0,33.0,2.0,418149.03,35478.0,35.0,453627.03,1215.62,1516.75,237839.32,768728.22,13145919.56,909386.06,160.53,94453.3,0.0,129913.05,1321.66,198825.75,149741.52,0.0,0.0,2589372.1,7544476.46,4955104.36,4356321.83,54426.38,2318776.09,4356321.83,2589372.1,7544476.46,4568516.15,9839842.23,2244773.79,1116974.43,1127799.36,12012643.96,0.0,0.0,129913.05,5.1355104
2023,2206696,MURICI DOS PORTELAS,589,385,10,30,0,15,5,80,15,0,75,5,80,80,5,35,5,40,0,20,35,0,20,5,5,5,15,5.1,18.9,6.6,88.6,10577.77,9797,19.5,76.7,0.0,11.2,0.0,12.1,1144,1756,1756.0,4269.0,336,67477,0.0,6.3,50.0,43.7,25.6,14.3,40.0,14.3,2.9,2.9,31.3,50.0,6.3,0.0,12.4,0.0,0.0,0.0,0.0,132486.42,12000.0,880000,1165362.73,1165362.73,58043.35,73695.0,9137.96,0.0,45.0,6.0,628481.73,92004.0,51.0,720485.73,66415.83,3770.0,228311.25,1709096.2,13143326.25,1492407.3,180.59,104108.39,0.0,140642.49,6420.0,267129.8,158063.61,386275.97,0.0,2393647.54,8603016.67,6209369.13,4212764.890000001,0.0,2634807.22,4212764.890000001,2393647.54,8603016.67,5259713.38,11169761.14,2186817.66,1828708.13,358109.53,14771801.65,0.0,69546.53,140642.49,4.9635706
2023,2206704,NAZARÉ DO PIAUÍ,458,235,15,20,0,25,90,25,10,0,5,0,40,35,10,5,0,5,0,25,0,0,5,5,0,5,5,5.6,19.2,4.2,84.6,11824.78,6665,10.3,52.9,24.8,6.6,2.5,13.2,641,424,424.0,568.0,2499,41697,0.0,0.0,50.0,50.0,53.9,7.7,11.5,23.1,0.0,3.8,12.5,12.5,50.0,12.5,12.5,0.0,0.0,0.0,0.0,197636.31,22425.06,325000,736385.89,736385.89,46355.52,144969.0,0.0,0.0,70.0,18.0,950396.36,266862.44,88.0,1217258.8,14158.19,122565.86,357298.95,726133.53,13140732.96,1737177.62,376.33,131329.52,0.0,98286.89,4.68,152681.45,51396.68,0.0,0.0,2691126.46,5878777.88,3187651.42,3108450.0,77462.8,1787261.85,3108450.0,2691126.46,5878777.88,5284904.58,8978160.96,1501569.16,1105229.69,396339.47,11007911.16,0.0,0.0,98286.89,5.158751
2023,2206720,NAZÁRIA,828,350,35,60,0,100,0,85,25,0,55,80,65,65,25,60,35,50,0,65,5,0,25,5,5,5,25,5.8,15.6,3.6,84.6,13065.29,10262,8.7,84.2,0.0,2.8,0.0,13.0,1378,608,608.0,1227.0,510,117245,53.8,23.1,23.1,0.0,7.9,7.8,58.8,23.5,0.0,2.0,7.7,76.9,0.0,0.0,15.4,0.0,31536.44,0.0,0.0,58757.33,27168.74,540000,820951.05,820951.05,39972.44,146307.0,8745.54,0.0,68.0,24.0,947750.38,351017.81,92.0,1298768.19,5680.0,16700.0,732933.22,138463.94,15366453.08,2469291.01,348.68,107764.78,0.0,199313.41,244.8,258889.3,304198.53,366.76,0.0,3274715.47,10057793.38,6783077.91,6391938.84,527695.91,3068906.02,6391938.84,3274715.47,10057793.38,7272751.24,13277391.79,7426232.04,2755247.63,4670984.41,14164440.12,0.0,0.0,199313.41,5.259748
2023,2206753,NOSSA SENHORA DE NAZARÉ,322,260,230,20,40,110,100,80,10,0,60,0,75,75,0,70,10,75,0,75,0,0,10,5,5,5,20,5.6,19.0,4.5,100.0,13242.08,5228,4.3,70.0,0.0,30.0,0.0,0.0,499,838,838.0,1607.0,5222,68203,0.0,73.3,26.7,0.0,30.0,50.0,20.0,0.0,0.0,0.0,0.0,6.7,0.0,66.7,20.0,6.6,0.0,0.0,0.0,153923.75,12000.0,300000,636262.62,636262.62,33966.51,130764.0,5608.36,0.0,24.0,6.0,361463.8,101136.34,30.0,462600.14,5200.0,2800.0,504209.21,962276.53,13145919.56,923792.06,149.28,199595.94,0.0,181303.5,0.0,223816.96,68214.88,107161.29,0.0,2618359.69,8695629.81,6077270.12,9614764.51,27404.92,2696811.92,9614764.51,2618359.69,8695629.81,5595120.72,13688843.82,1540559.23,329938.64,1210620.59,19448295.8,0.0,0.0,181303.5,5.8530684
2023,2206803,NOSSA SENHORA DOS REMÉDIOS,861,660,540,50,5,820,115,210,70,0,90,195,125,135,0,40,130,135,0,135,0,5,30,10,5,90,20,5.1,18.7,7.4,31.3,13812.42,8525,19.3,17.0,0.0,15.6,0.0,67.4,501,985,985.0,1566.0,1712,58782,25.9,55.6,14.8,3.7,39.5,18.2,24.2,10.6,4.5,3.0,10.7,50.0,3.6,35.7,0.0,0.0,0.0,0.0,0.0,137760.07,32571.59,1060000,1363823.17,1363823.17,63210.51,70281.0,0.0,0.0,65.0,9.0,880694.0,140610.0,74.0,1021304.0,2046.0,1056.0,208283.68,1165629.22,13145919.56,1920253.07,212.53,84198.87,0.0,301207.34,11.7,780262.52,304970.12,25391.19,0.0,2869090.04,17868659.66,14999569.62,19960124.56,141512.76,5421371.43,19960124.56,2869090.04,17868659.66,4283683.74,26782939.19,9454119.02,5409955.86,4044163.16,31237001.18,0.0,0.0,301207.34,4.5168366
2023,2206902,NOVO ORIENTE DO PIAUÍ,346,185,55,50,10,190,105,15,10,0,25,0,30,30,10,30,15,30,0,30,0,5,5,10,0,10,5,,20.4,7.3,86.2,10956.76,6097,20.2,54.5,0.0,26.9,3.0,15.6,741,1397,1397.0,1604.0,86,43184,0.0,50.0,50.0,0.0,48.6,25.7,8.6,17.1,0.0,0.0,28.6,42.9,0.0,28.5,0.0,0.0,24936.0,0.0,0.0,202273.1,12000.0,400000,773507.32,773507.32,48073.64,103861.5,7299.08,0.0,48.0,3.0,737286.8,43398.0,51.0,780684.8,567.72,201.6,418131.04,579694.13,13146279.56,1494233.74,208.6,131829.07,0.0,58810.3,0.0,90622.2,60896.45,0.0,0.0,2709847.5,3411706.95,701859.45,1868689.24,845.36,1038856.15,1868689.24,2709847.5,3411706.95,4061468.53,5080933.88,1098946.27,898946.27,200000.0,5715569.27,0.0,0.0,58810.3,4.866832
2023,2206951,NOVO SANTO ANTÔNIO,214,265,40,15,0,40,10,5,0,0,5,5,25,25,0,10,5,0,0,15,0,5,0,5,0,5,15,5.1,15.3,7.9,100.0,13640.99,2827,7.9,67.8,0.0,25.2,7.0,0.0,721,705,705.0,804.0,557,48359,0.0,20.0,40.0,40.0,43.6,4.3,21.7,17.4,8.7,4.3,40.0,20.0,20.0,0.0,20.0,0.0,0.0,0.0,0.0,153923.75,12000.0,400000,670342.75,670342.75,30800.0,68019.0,5600.0,0.0,20.0,10.0,278701.84,191803.81,30.0,470505.65,1970.43,0.0,264570.74,167828.1,13145919.56,590618.29,139.15,63280.76,0.0,53422.2,436.9,166996.47,69453.94,243268.82,0.0,2393550.5,3445445.16,1051894.66,2561714.47,43082.4,1042429.95,2561714.47,2393550.5,3445445.16,3943007.98,4440813.98,1562503.82,1062503.82,500000.0,6203349.03,0.0,0.0,53422.2,5.574603
2023,2207009,OEIRAS,2142,1290,695,444890,20,1405,1570,170,65,15,55,35,185,185,95,185,125,165,25,185,0,15,90,55,25,115,75,7.1,24.3,5.1,99.2,19394.05,38161,1.2,66.1,0.0,31.1,1.7,1.1,3093,6775,6775.0,4322.0,1779,195817,4.5,36.4,45.5,13.6,14.0,21.9,31.3,25.8,4.7,2.3,9.1,25.0,40.9,20.5,4.5,0.0,449353.76,15768.0,0.0,511720.75,82286.42,1300000,2507347.07,2507347.07,245725.06,224475.0,36315.64,106824.2,1629.0,439.0,24235530.56,6867478.64,2068.0,31103009.2,726775.71,248372.94,4990615.73,3266759.3,37319526.1,13626284.12,2931.89,2585029.91,0.0,509218.81,0.77,873103.24,417986.78,830735.17,0.0,10049964.05,29992826.0,19942861.95,21462005.06,0.0,9116479.01,21462005.06,10049964.05,29992826.0,21907911.11,42103039.32,13330746.61,10330746.61,3000000.0,50587004.23,0.0,0.0,509218.81,6.476988
2023,2207108,OLHO D'ÁGUA DO PIAUÍ,153,225,5,10,0,5,50,45,10,0,10,5,45,45,0,20,10,35,0,35,0,0,5,5,0,5,10,6.4,18.0,7.6,92.3,14541.65,2637,1.3,69.8,0.0,20.9,0.0,9.3,682,820,785.0,4526.0,28,16797,0.0,25.0,62.5,12.5,15.3,0.0,30.8,38.5,7.7,7.7,44.4,0.0,0.0,33.3,22.3,0.0,,,0.0,153923.75,12000.0,200000,402323.75,402323.75,30800.0,0.0,5600.0,0.0,,,,,,,98.33,0.0,37933.96,60460.26,12808266.56,2645363.32,6.81,520962.81,0.0,8940.13,0.0,13572.2,3495.56,0.0,0.0,3585207.78,1934435.27,-1650772.51,5622159.96,0.0,175596.5,5622159.96,3585207.78,1934435.27,4049539.39,1928264.45,1904692.06,916392.42,988299.64,5789322.37,0.0,0.0,8940.13,5.88167
2023,2207207,PADRE MARCOS,395,400,125,60,5,330,125,55,15,0,50,15,55,55,0,35,30,55,0,55,0,0,35,5,0,15,15,6.6,13.4,9.9,97.2,13858.49,6382,0.3,41.3,0.0,52.5,1.7,4.5,1211,2797,1682.0,2975.0,51,40238,0.0,25.0,50.0,25.0,7.1,38.1,23.8,23.8,4.8,2.4,0.0,25.0,16.7,50.0,8.3,0.0,281184.0,13128.0,0.0,148984.61,25086.48,1000000,1383623.04,1383623.04,55843.98,144681.0,9026.97,0.0,102.0,14.0,1578248.39,228528.0,116.0,1806776.39,16876.85,11180.0,248465.5,1206382.98,13439300.75,2197148.94,308.33,535081.35,0.0,116371.36,0.21,308552.1,97818.33,0.0,0.0,2939934.09,7145940.51,4206006.42,5036879.54,29068.32,2179137.67,5036879.54,2939934.09,7145940.51,5649813.1,10660252.61,2097949.23,1345638.81,684748.96,13461731.97,0.0,0.0,116371.36,6.1884785
2023,2207306,PAES LANDIM,314,155,70,45,5,60,0,30,15,0,25,0,30,30,10,20,15,25,5,30,0,0,0,10,0,0,5,6.0,16.5,7.3,65.2,14242.71,4088,8.9,35.8,3.8,30.8,0.0,29.6,3496,1331,1331.0,963.0,163,45507,0.0,71.4,28.6,0.0,27.3,4.5,45.5,13.6,9.1,0.0,14.3,57.1,0.0,0.0,28.6,0.0,0.0,0.0,0.0,153569.15,12000.0,900000,1200620.33,1200620.33,23044.18,106407.0,5600.0,0.0,42.0,1.0,524538.95,15768.0,43.0,540306.95,0.0,8122.0,353580.46,567859.21,13145919.56,963583.03,196.21,109956.52,0.0,73382.07,0.0,121741.7,60434.98,13941.08,0.0,2608195.58,4254591.07,1646395.49,2720379.16,3410.84,1292980.49,2720379.16,2608195.58,4254591.07,4425500.26,4879758.46,2187137.62,288196.57,1043171.99,7622875.23,0.0,0.0,73382.07,4.7946815
2023,2207355,PAJEÚ DO PIAUÍ,166,110,95,45,5,60,200,20,10,0,25,5,25,25,0,20,15,10,5,25,0,0,5,5,0,0,10,6.4,20.3,6.7,100.0,20361.28,3000,1.8,73.0,0.0,27.0,0.0,0.0,1218,1761,1761.0,52525.0,176,40178,0.0,20.0,60.0,20.0,17.7,35.3,23.5,17.6,0.0,5.9,60.0,0.0,20.0,0.0,20.0,0.0,0.0,0.0,0.0,191359.65,12000.0,500000,739759.65,739759.65,30800.0,0.0,5600.0,0.0,11.0,4.0,122400.0,40740.0,15.0,163140.0,10201.29,157099.39,239175.67,323804.48,13439300.76,1970137.76,242.48,44341.94,0.0,35882.79,0.0,88356.2,42438.71,0.0,0.0,2393647.39,2264296.71,-129350.68,753526.84,0.0,691557.3,753526.84,2393647.39,2264296.71,4535944.21,2176753.13,1296256.66,1043336.86,252919.8,4633187.72,0.0,0.0,35882.79,6.100178
2023,2207405,PALMEIRA DO PIAUÍ,379,240,30,45,5,135,310,15,5,0,35,0,40,40,5,20,0,35,0,40,0,0,15,5,0,20,5,6.3,17.9,8.9,95.5,36399.15,4952,26.4,62.8,15.1,11.6,0.0,10.5,1012,22855,22855.0,172004.0,184,39821,0.0,12.5,25.0,62.5,27.4,4.5,63.6,0.0,0.0,4.5,37.5,50.0,0.0,12.5,0.0,0.0,13128.0,0.0,0.0,133019.3,12000.0,550000,808636.33,808636.33,33521.03,74496.0,5600.0,0.0,62.0,9.0,892581.25,139318.32,71.0,1031899.57,3843.8,7430.0,1605391.4,166142.78,13145956.09,3722788.33,340.74,285803.42,0.0,63316.58,5530.45,97158.0,42019.19,0.0,0.0,3161463.99,3593824.31,432360.32,2533565.59,0.0,1880253.36,2533565.59,3161463.99,3593824.31,5619758.19,4897761.69,866652.11,598075.0,268577.11,8256652.2,0.0,0.0,63316.58,4.931148
2023,2207504,PALMEIRAIS,1048,580,70,55,0,155,70,90,50,0,75,5,90,95,0,55,40,55,5,85,0,0,45,15,0,15,10,3.9,18.1,4.8,81.9,12640.47,13264,12.1,64.0,1.2,12.6,1.0,21.2,908,6110,6110.0,13727.0,703,78729,0.0,15.8,73.7,10.5,21.6,8.1,27.0,33.8,4.1,5.4,0.0,25.0,10.0,5.0,50.0,10.0,39384.44,0.0,0.0,229232.49,28630.45,825000,1345713.89,1345713.89,114551.95,148299.0,0.0,0.0,128.0,29.0,1867744.19,362883.37,157.0,2230627.56,24538.29,3777.79,1408358.34,1742236.17,21909865.9,2715621.78,512.42,367979.36,0.0,278335.4,0.0,466941.0,393088.81,0.0,0.0,4540495.79,16266644.05,11726148.26,13873661.14,0.0,4946431.2,13873661.14,4540495.79,16266644.05,7121559.5,21427004.75,4851721.27,3235776.87,986874.64,28137688.02,0.0,0.0,278335.4,5.1462893
2023,2207553,PAQUETÁ,201,275,160,20,0,65,0,70,10,0,25,0,65,65,5,30,10,35,0,65,0,0,35,0,0,0,10,4.7,9.9,4.2,88.6,13956.62,3813,15.9,68.8,0.0,19.9,0.0,11.3,655,3391,3391.0,3217.0,360,22725,7.7,15.4,38.5,38.4,74.2,3.2,3.2,6.5,0.0,12.9,7.7,0.0,15.4,30.8,38.5,7.6,0.0,0.0,0.0,153923.75,12000.0,1000000,1351437.28,1351437.28,33642.53,146271.0,5600.0,0.0,24.0,2.0,333934.46,18426.2,26.0,352360.66,13515.72,8217.96,208689.67,199800.77,13145919.56,1468323.38,143.49,70756.19,0.0,145680.98,617.82,205462.42,43864.38,140457.92,0.0,2672418.43,7545857.44,4873439.01,4219908.1,40899.84,2306085.49,4219908.1,2672418.43,7545857.44,4768050.22,9335101.56,965133.56,574671.46,390462.1,13514402.49,0.0,0.0,145680.98,5.1342363
2023,2207603,PARNAGUÁ,701,395,40,55,15,130,65,60,10,0,50,40,30,80,0,40,15,70,5,10,50,0,10,10,0,10,20,6.2,17.9,4.3,82.4,13258.33,10103,19.8,51.2,0.0,19.5,10.1,19.2,4055,2302,2302.0,8149.0,5706,91541,0.0,29.4,35.3,35.3,57.6,16.9,3.4,15.3,5.1,1.7,47.1,5.9,17.6,11.8,11.8,5.8,0.0,0.0,0.0,196669.73,31209.14,500000,948616.12,948616.12,60606.97,150012.0,10118.28,0.0,72.0,11.0,1030384.66,143340.0,83.0,1173724.66,13373.65,136203.04,945495.9,1218503.6,17527892.13,3492074.73,708.44,165250.45,0.0,139366.57,6120.0,310008.8,118534.34,898297.36,0.0,3928719.47,8629200.68,4700481.21,5174595.23,62605.81,2632897.74,5174595.23,3928719.47,8629200.68,6518544.2,10472401.26,1375535.93,323760.86,967238.07,14745647.84,0.0,0.0,139366.57,4.9664364
2023,2207702,PARNAÍBA,9276,3630,590,405,35,1515,380,210,75,25,360,95,530,550,290,525,190,290,20,405,30,20,235,100,20,95,130,5.5,22.4,4.3,98.1,22707.01,162159,26.1,78.8,8.0,11.0,0.5,1.7,24496,1399,1399.0,17707.0,3411,317465,0.7,32.6,47.4,19.3,22.2,11.8,37.6,23.3,2.0,3.1,13.1,42.8,17.9,11.7,11.0,3.5,2347901.62,15768.44,0.0,961751.97,92325.37,150000,3563070.33,3563070.33,724323.34,1022313.0,0.0,612356.65,4060.0,2756.0,58903373.55,42214803.19,6816.0,101118176.74,5718808.86,2544351.4,27707629.09,33078408.97,152246943.93,52759094.82,16295.26,17981074.28,0.0,1560445.19,6158.95,2234735.14,19171.16,0.0,0.0,41847384.77,83805008.19,41957623.42,48175154.96,1030158.79,23992115.35,48175154.96,41847384.77,83805008.19,75329679.6,112686506.51,26799365.18,3541137.6,23237643.18,149713897.5,0.0,0.0,1560445.19,5.1282926
2023,2207751,PASSAGEM FRANCA DO PIAUÍ,304,190,60,5,0,35,5,45,5,0,15,0,55,55,35,20,5,10,0,45,0,0,0,5,0,5,5,4.6,20.0,7.4,90.5,15170.04,4135,8.2,78.2,0.0,12.0,0.8,9.0,1046,562,562.0,3563.0,154,35131,45.5,27.3,27.2,0.0,23.8,19.0,28.6,14.3,0.0,14.3,9.1,18.2,0.0,45.5,27.2,0.0,0.0,0.0,0.0,197991.75,12000.0,1493000,1930700.62,1930700.62,30800.0,126579.0,5600.0,64729.87,12.0,4.0,164417.03,47364.29,16.0,211781.32,0.0,0.0,149176.56,669279.15,13145929.62,850529.56,205.33,157390.03,0.0,111023.24,0.0,209170.6,44017.23,924177.0,0.0,2563429.36,6534841.17,3971411.81,6102712.36,0.0,1972117.46,6102712.36,2563429.36,6534841.17,4211982.21,8829404.28,2065790.15,1542574.15,523216.0,12248296.23,0.0,0.0,111023.24,5.0845456
2023,2207777,PATOS DO PIAUÍ,293,190,25,30,0,200,125,45,15,0,25,5,45,45,0,35,5,5,5,35,0,0,0,10,0,10,0,5.6,17.2,7.8,100.0,12099.7,5425,5.1,64.7,0.0,35.3,0.0,0.0,1283,1629,717.0,1422.0,1029,69634,20.0,50.0,20.0,10.0,13.6,36.4,50.0,0.0,0.0,0.0,40.0,0.0,10.0,30.0,20.0,0.0,0.0,0.0,0.0,197991.75,12000.0,500000,870830.91,870830.91,47136.5,106338.0,7364.66,0.0,30.0,1.0,381306.22,15768.0,31.0,397074.22,15479.35,8242.92,166375.74,539484.1,13145919.56,1261522.88,251.54,58358.95,0.0,64464.14,3900.0,197532.4,84304.8,187444.21,0.0,2393864.6,4481093.97,2087229.37,3149097.44,64911.28,1370821.78,3149097.44,2393864.6,4481093.97,4565972.6,6804337.68,2044103.5,1436402.83,600000.0,7995938.56,0.0,0.0,64464.14,5.8620763
2023,2207793,PAU D'ARCO DO PIAUÍ,227,200,100,5,0,25,0,35,25,0,15,75,30,30,0,20,15,25,0,20,0,0,20,0,0,0,15,,15.1,5.5,93.3,11328.4,3880,8.4,81.2,0.0,11.1,0.0,7.7,333,654,654.0,1900.0,545,45358,0.0,50.0,33.3,16.7,33.4,13.3,33.3,20.0,0.0,0.0,0.0,33.3,0.0,50.0,16.7,0.0,,,0.0,150498.79,12000.0,400000,656851.23,656851.23,31242.44,57510.0,5600.0,0.0,,,,,,,600.0,61.82,86352.86,41376.56,13145919.56,1813896.32,156.72,54589.1,0.0,55986.0,0.0,134433.31,93567.76,0.0,0.0,2767491.24,3379563.61,612072.37,1856461.88,37454.48,1029565.31,1856461.88,2767491.24,3379563.61,4335923.45,4251556.06,864049.46,298179.62,565869.84,6354020.68,0.0,0.0,55986.0,5.331487
2023,2207801,PAULISTANA,1431,820,170,270,35,705,275,120,25,20,50,50,125,125,5,90,45,80,10,125,5,5,45,25,10,20,50,5.2,20.3,4.7,95.8,17060.81,21055,7.8,65.0,2.3,28.8,1.2,2.7,2897,1571,987.0,1188.0,741,142465,14.8,48.1,33.3,3.8,27.6,7.6,20.0,38.1,1.9,4.8,18.5,11.1,44.4,7.4,11.1,7.5,307440.44,61734.44,0.0,385409.47,43164.86,300000,1103763.32,1103763.32,138583.55,148875.0,23000.57,64729.87,861.0,153.0,13100917.36,2355000.39,1014.0,15455917.75,388047.92,151590.21,1943224.35,2609217.13,26878601.48,5947880.68,1307.28,1436967.06,0.0,353548.47,4.67,562823.7,305989.9,0.0,0.0,6265922.23,20256267.9,13990345.67,12074837.01,109038.65,6189301.32,12074837.01,6265922.23,20256267.9,11929102.18,23891660.25,10728194.7,5019166.55,5625649.11,27856361.71,0.0,0.0,353548.47,5.5646434
2023,2207850,PAVUSSU,271,155,0,15,5,30,20,25,0,0,15,0,45,45,0,20,0,20,0,40,0,0,5,5,0,0,0,4.2,13.6,8.3,47.1,12630.47,3628,15.1,39.7,0.0,5.0,0.0,55.3,1148,1629,1629.0,1956.0,109,30623,0.0,12.5,37.5,50.0,46.8,28.1,18.8,6.3,0.0,0.0,77.8,11.1,0.0,0.0,11.1,0.0,0.0,0.0,0.0,151098.63,20260.07,510000,830132.0,830132.0,32002.3,111171.0,5600.0,0.0,4.0,3.0,63072.8,47307.28,7.0,110380.08,71153.86,12338.03,116830.38,63600.51,16145919.56,1618886.55,1663.11,37579.84,0.0,42420.16,0.0,56412.2,38296.88,101593.35,0.0,2718149.39,2049151.88,-668997.51,497428.5,0.0,150000.0,497428.5,2718149.39,2049151.88,6350666.6,1799605.28,366414.52,0.0,243848.5,6688786.55,0.0,0.0,42420.16,4.62551
2023,2207900,PEDRO II,2467,1325,150,444620,5,1100,625,90,20,15,35,70,230,230,40,125,60,120,10,145,5,0,35,55,15,45,40,5.0,20.5,5.8,70.6,13193.01,37894,9.7,57.4,0.0,13.3,0.0,29.3,2374,4242,4242.0,4625.0,2945,176517,3.8,23.1,59.6,13.5,31.3,14.5,12.6,30.2,5.7,5.7,26.4,28.3,30.2,9.4,5.7,0.0,627992.5,0.0,0.0,532663.47,44157.73,1200000,2443963.48,2443963.48,274451.64,221598.0,41123.02,129969.62,1112.0,266.0,16553432.7,4023941.1,1378.0,20577373.8,171832.93,179899.1,1151183.95,5642898.48,39437758.63,3646324.46,1226.16,1118608.99,0.0,520853.7,0.0,820278.6,285069.76,0.0,0.0,7181532.68,30590133.58,23408600.9,18837292.24,105977.71,9325810.54,18837292.24,7181532.68,30590133.58,16000114.73,42725052.93,9811697.13,6580700.53,3230996.6,49015679.37,0.0,0.0,520853.7,5.1379313
2023,2207934,PEDRO LAURENTINO,150,95,35,40,0,100,100,20,15,0,20,0,15,20,0,15,0,15,5,20,10,0,0,5,0,5,0,5.3,12.5,4.3,88.5,15534.9,2458,8.7,61.0,0.0,26.0,0.0,13.0,1714,863,863.0,543.0,100,42807,0.0,0.0,50.0,50.0,12.0,12.0,28.0,44.0,4.0,0.0,0.0,25.0,75.0,0.0,0.0,0.0,0.0,0.0,0.0,186233.63,12000.0,900000,1207059.63,1207059.63,30800.0,72426.0,5600.0,0.0,9.0,4.0,106507.11,43416.0,13.0,149923.11,669.17,290.0,197582.87,202503.59,13145919.56,1373902.68,180.85,37643.91,0.0,36844.52,0.24,47367.73,43473.58,210991.23,0.0,2669208.33,2121119.74,-548088.59,698006.1,3633.28,674802.42,698006.1,2669208.33,2121119.74,4476507.15,2482723.52,911918.54,481918.54,430000.0,3750720.84,0.0,0.0,36844.52,4.973217
2023,2207959,NOVA SANTA RITA,292,150,50,20,0,5,0,35,5,0,20,0,20,20,0,20,20,20,0,20,0,5,10,5,0,5,10,4.1,19.5,4.3,81.0,12672.74,4076,8.6,83.3,0.0,10.0,0.0,6.7,1938,1925,1925.0,857.0,203,67564,0.0,25.0,50.0,25.0,10.0,0.0,45.0,40.0,5.0,0.0,0.0,0.0,75.0,0.0,25.0,0.0,0.0,0.0,0.0,139473.64,12000.0,400000,731092.43,731092.43,33534.79,140484.0,5600.0,0.0,31.0,2.0,398420.59,22368.0,33.0,420788.59,240.0,3460.0,293075.04,294666.83,13145919.56,1360179.55,255.83,69621.13,0.0,63222.32,0.0,93323.72,130291.67,0.0,0.0,2680316.79,3585326.88,905010.09,1187855.04,15163.97,1097737.3,1187855.04,2680316.79,3585326.88,5173020.25,4652469.96,930438.48,280608.64,649829.84,6178814.92,0.0,0.0,63222.32,4.776821
2023,2208007,PICOS,3675,2295,1585,444740,245,1330,1845,240,35,25,240,65,345,345,140,345,160,195,30,340,5,10,180,70,30,75,85,5.1,18.2,4.7,99.0,29566.51,83090,15.7,73.4,1.9,19.1,4.4,1.2,9409,4747,4747.0,8652.0,2401,119595,13.8,40.0,40.0,6.2,37.3,16.2,16.2,23.4,2.2,4.7,15.3,25.9,34.1,12.9,9.4,2.4,2614542.29,51210.44,0.0,464376.62,155344.58,1750000,3204970.0,3204970.0,362999.92,266016.0,61325.57,144907.31,3366.0,1023.0,51274301.97,15755464.81,4389.0,67029766.78,4881992.63,1420208.6,18516740.1,5623917.73,59228484.34,38653501.96,14622.4,11221315.06,0.0,649774.39,802.52,1039659.28,227629.3,347409.18,0.0,20517775.31,38118430.12,17600654.81,22920771.86,377904.38,11895320.5,22920771.86,20517775.31,38118430.12,42225500.14,55878118.49,11807754.93,3318658.1,8489096.83,70397390.44,0.0,0.0,649774.39,5.4843946
2023,2208106,PIMENTEIRAS,623,640,40,80,10,120,20,25,40,0,40,0,115,115,0,30,30,70,5,95,0,10,50,25,5,50,35,4.4,16.5,7.1,63.8,10603.74,11341,9.1,42.7,0.0,17.6,0.0,39.7,3864,5025,5025.0,3625.0,1930,88634,5.0,10.0,70.0,15.0,47.0,13.7,21.6,11.8,5.9,0.0,62.5,25.0,4.2,4.2,4.1,0.0,15768.0,5208.0,0.0,204076.14,20453.12,1000000,1468179.18,1468179.18,83541.08,147162.0,12946.84,0.0,84.0,14.0,1151484.21,201096.44,98.0,1352580.65,0.0,0.0,409943.67,151127.48,16165071.19,3735169.62,640.07,95462.42,0.0,140829.46,0.0,195843.0,94300.46,691908.78,0.0,2845994.28,7362453.07,4516458.79,3734851.03,0.0,2260512.79,3734851.03,2845994.28,7362453.07,5416760.51,7767111.45,1253924.87,777486.07,476438.8,14407163.85,0.0,0.0,140829.46,4.6753516
2023,2208205,PIO IX,1107,675,295,200,15,380,5,140,50,0,75,0,100,100,15,70,75,90,0,100,5,5,40,25,5,15,20,5.3,20.1,4.4,95.5,13288.76,17613,3.0,55.0,0.0,41.4,0.0,3.6,3579,41060,41060.0,31803.0,201,114114,10.0,60.0,25.0,5.0,8.8,13.0,17.4,51.1,5.4,4.3,9.5,14.3,23.8,14.3,28.6,9.5,76200.44,0.0,0.0,268313.5,43275.18,150000,617545.39,617545.39,13756.71,142200.0,0.0,0.0,251.0,30.0,3741595.62,407625.8,281.0,4149221.42,183002.28,36885.93,904313.36,1432100.45,26291839.09,2689600.62,990.43,438414.0,0.0,226225.66,0.0,363439.2,461923.14,0.0,0.0,4788541.98,13604990.43,8816448.45,8793249.51,0.0,4145342.11,8793249.51,4788541.98,13604990.43,10337661.05,21381492.29,6539156.86,3484494.48,3054662.38,22030571.71,0.0,0.0,226225.66,5.9485707
2023,2208304,PIRACURUCA,1975,855,450,150,5,610,0,145,15,0,110,40,105,105,10,90,85,95,15,105,0,0,75,25,10,30,50,7.4,23.2,4.2,92.8,16108.84,28846,0.9,67.5,1.7,23.9,0.0,6.9,6893,6507,6507.0,14870.0,5450,277581,0.0,26.1,56.5,17.4,16.3,6.3,34.2,36.9,3.6,2.7,4.2,41.7,33.3,16.7,0.0,4.1,131424.88,0.0,0.0,480549.56,47867.17,575000,1613508.54,1613508.54,195325.52,221235.0,28801.42,64729.87,1317.0,156.0,19421691.99,2482189.0,1473.0,21903880.99,916062.64,373749.86,1939134.23,4669793.21,31358368.37,7379127.02,1337.26,1591091.7,0.0,340450.64,0.0,469500.0,256082.18,0.0,0.0,7067644.68,19897226.32,12829581.64,12764968.21,55825.89,6062514.69,12764968.21,7067644.68,19897226.32,13640643.2,28094664.36,11049465.76,1886479.6,9157969.36,28900348.11,0.0,0.0,340450.64,6.5198565
2023,2208403,PIRIPIRI,4185,2110,1245,445,15,790,715,395,135,5,195,30,305,320,10,255,140,245,45,320,0,15,155,65,20,40,165,5.8,21.9,5.8,96.6,18956.35,65538,7.6,83.6,0.3,11.4,0.8,3.9,4134,3684,3684.0,6374.0,2234,204427,8.6,64.3,22.9,4.2,23.0,9.6,27.3,29.8,5.3,5.0,18.1,36.1,26.4,6.9,11.1,1.4,906581.95,15768.44,0.0,556990.28,47245.46,1550000,3054843.31,3054843.31,384991.25,283809.97,61071.33,170735.02,2042.0,819.0,30460138.53,12474047.35,2861.0,42934185.88,1681204.96,340905.97,5899816.66,6393978.41,52583678.22,14978293.26,3848.53,3853897.2,0.0,865011.79,0.0,1685184.62,383227.97,611219.09,0.0,13453642.38,51726909.9,38273267.52,38006812.54,624708.25,15734840.2,38006812.54,13453642.38,51726909.9,24030517.83,66622810.07,23431214.82,10339083.56,13092131.26,78833506.48,0.0,0.0,865011.79,5.992945
2023,2208502,PORTO,1044,690,105,40,5,150,0,110,45,0,35,15,110,110,45,50,30,40,0,85,0,0,25,0,0,20,15,5.3,19.0,6.0,41.8,11871.67,12052,8.4,26.0,1.8,9.3,0.0,62.9,668,687,687.0,2077.0,1097,33846,0.0,4.8,42.9,52.3,41.5,17.1,14.3,17.1,5.7,4.3,26.1,13.0,0.0,52.2,4.3,4.4,0.0,0.0,0.0,264951.27,20632.49,3000000,3490978.34,3490978.34,55328.58,150066.0,0.0,0.0,83.0,13.0,1154046.8,198456.0,96.0,1352502.8,16172.62,6053.44,503701.53,1924517.49,17527892.74,1714124.21,350.0,420306.64,0.0,267024.0,4344.14,476852.76,161734.26,0.0,0.0,3618184.67,15363774.24,11745589.57,11415977.56,12938.6,4765012.62,11415977.56,3618184.67,15363774.24,6953731.71,19915195.1,7313405.38,3046091.01,4027228.29,23213344.37,0.0,0.0,267024.0,5.103649
2023,2208551,PORTO ALEGRE DO PIAUÍ,196,120,75,15,0,5,45,50,5,0,5,0,20,20,15,20,15,15,0,5,0,0,5,5,5,5,5,5.3,19.6,6.6,100.0,20238.28,2364,1.0,100.0,0.0,0.0,0.0,0.0,224,2428,2428.0,13731.0,2107,21045,0.0,25.0,75.0,0.0,0.0,0.0,60.0,30.0,0.0,10.0,0.0,75.0,25.0,0.0,0.0,0.0,0.0,0.0,0.0,206650.93,12000.0,200000,455050.93,455050.93,30800.0,0.0,5600.0,0.0,4.0,4.0,63072.8,68353.2,8.0,131426.0,16128.68,21790.0,149191.1,439861.41,13145919.56,2056983.0,231.37,19472.23,0.0,33573.09,0.03,45518.61,22854.62,8.53,0.0,2806373.19,1882069.49,-924303.7,602384.87,7226.59,580729.38,602384.87,2806373.19,1882069.49,5667323.38,2380245.04,760302.15,0.0,507902.76,4842026.03,0.0,0.0,33573.09,6.0368633
2023,2208601,PRATA DO PIAUÍ,255,160,25,35,0,105,0,15,0,0,25,25,30,30,0,25,10,15,0,20,0,0,15,5,0,5,15,5.1,20.5,6.9,95.8,14252.26,3042,11.8,65.9,3.9,22.5,0.8,6.9,330,141,141.0,365.0,201,14603,0.0,40.0,60.0,0.0,41.7,12.5,12.5,33.3,0.0,0.0,0.0,66.7,0.0,16.7,16.6,0.0,0.0,0.0,0.0,124138.61,12000.0,200000,443833.61,443833.61,30800.0,71295.0,5600.0,0.0,16.0,5.0,218176.46,51265.52,21.0,269441.98,3434.98,1900.0,281671.6,531108.17,13145919.56,1724261.63,116.81,56464.12,0.0,56430.16,571.36,84823.67,26813.4,0.0,0.0,2749739.46,3169874.77,420135.31,1360750.14,15530.62,967497.62,1360750.14,2749739.46,3169874.77,4980933.21,4483764.13,623156.6,171136.1,452020.5,6121367.23,0.0,0.0,56430.16,5.0778985
2023,2208650,QUEIMADA NOVA,506,280,125,75,0,75,50,30,0,0,10,0,20,35,0,30,30,25,0,35,0,0,15,5,0,10,5,5.8,17.4,7.5,90.0,21609.96,8738,3.4,90.9,0.0,1.3,0.0,7.8,2287,2216,756.0,534.0,339,111859,0.0,33.3,50.0,16.7,17.9,30.8,30.8,20.5,0.0,0.0,28.6,42.9,0.0,14.3,14.2,0.0,0.0,0.0,0.0,203278.81,12000.0,0,413994.18,413994.18,55132.98,133701.0,9881.39,0.0,31.0,3.0,442809.7,47304.0,34.0,490113.7,70011.25,28978.64,1744793.56,700760.03,13145919.56,7815486.96,706.62,187213.6,0.0,116373.41,0.0,395737.74,219299.3,0.0,0.0,3995253.0,7634049.44,3638796.44,3473627.84,75543.21,2325442.96,3473627.84,3995253.0,7634049.44,6732891.67,8830049.59,3583253.11,1248958.14,2307193.83,10633470.28,0.0,0.0,116373.41,5.91443
2023,2208700,REDENÇÃO DO GURGUÉIA,704,410,80,40,0,110,210,5,10,0,45,5,60,60,0,35,30,35,0,60,0,0,0,5,0,20,10,4.8,18.6,7.2,100.0,14964.67,8394,16.5,66.2,0.3,25.7,7.8,0.0,1141,2788,2788.0,20513.0,125,45663,7.7,23.1,53.8,15.4,21.8,12.5,25.0,31.3,6.3,3.1,21.4,21.4,28.6,28.6,0.0,0.0,0.0,0.0,0.0,220735.41,26272.4,800000,1179739.26,1179739.26,54033.8,70542.0,8155.65,0.0,98.0,11.0,1389300.1,152454.0,109.0,1541754.1,19435.52,20000.0,1371748.43,723546.96,13145919.56,3296171.39,636.1,70503.46,0.0,139958.4,0.0,456714.4,129805.68,0.0,0.0,3071127.5,9223331.63,6152204.13,7996506.17,0.0,2820336.72,7996506.17,3071127.5,9223331.63,5499842.59,14606346.33,3149098.57,1879844.58,1269253.99,16851974.64,0.0,0.0,139958.4,5.109959
2023,2208809,REGENERAÇÃO,1040,635,125,100,0,270,5,70,5,0,80,35,95,95,35,90,50,65,5,90,0,5,45,25,10,30,10,4.4,18.2,7.9,94.7,19682.83,17133,10.0,76.2,0.0,16.2,0.6,7.0,730,21808,21808.0,173710.0,481,72258,5.0,40.0,50.0,5.0,44.8,8.7,21.3,18.1,1.6,5.5,0.0,40.9,31.8,27.3,0.0,0.0,1639683.24,0.0,0.0,286699.44,65821.44,1000000,1650768.77,1650768.77,128883.97,148689.0,20674.92,0.0,305.0,64.0,4580203.88,955529.1,369.0,5535732.98,77161.15,110086.48,1318502.92,2175089.63,26291839.09,5970833.9,908.41,524556.3,0.0,226011.8,0.0,622713.12,79622.75,0.0,0.0,6089855.23,14323863.54,8234008.31,11709396.9,328772.37,4354569.87,11709396.9,6089855.23,14323863.54,9459895.97,21438456.92,4962986.99,1576136.17,3386850.82,25696892.55,0.0,0.0,226011.8,5.5410147
2023,2208858,RIACHO FRIO,402,175,20,35,0,35,5,35,5,0,25,0,30,30,0,20,10,25,0,30,0,0,15,10,0,5,15,4.6,18.1,7.4,89.5,14766.73,4165,16.4,71.0,3.7,9.3,1.4,14.6,987,551,551.0,668.0,574,42611,0.0,0.0,100.0,0.0,50.1,10.5,15.8,18.4,2.6,2.6,0.0,50.0,0.0,16.7,33.3,0.0,0.0,0.0,0.0,203278.81,12000.0,600000,995951.41,995951.41,34509.6,146163.0,0.0,0.0,32.0,2.0,454813.7,24990.34,34.0,479804.04,6540.82,80036.9,478665.5,976554.81,13145919.56,2203328.78,441.82,64165.96,0.0,135211.09,0.0,331895.6,39741.85,0.0,0.0,2853395.29,7857246.99,5003851.7,8202642.71,18436.48,2339034.07,8202642.71,2853395.29,7857246.99,4412613.59,11687071.02,5072787.01,1658097.37,3414689.64,12614133.68,0.0,0.0,135211.09,5.0222855
2023,2208874,RIBEIRA DO PIAUÍ,253,250,0,20,0,20,0,45,5,0,45,25,50,50,0,45,5,20,0,35,5,0,0,10,0,5,5,5.0,8.4,5.2,90.6,68568.72,4055,5.5,73.4,0.0,17.1,0.0,9.5,622,643,643.0,638.0,2431,40560,0.0,25.0,62.5,12.5,68.7,3.1,6.3,9.4,12.5,0.0,60.0,0.0,0.0,0.0,40.0,0.0,0.0,0.0,0.0,194536.35,21556.31,350000,681301.34,681301.34,35224.58,74268.0,5716.1,0.0,5.0,1.0,78844.61,15768.0,6.0,94612.61,856.36,1065.78,1908886.02,728907.87,13145919.56,10638478.99,223.71,32975.51,0.0,64646.55,0.0,147402.6,36640.22,0.0,0.0,4521513.84,3908072.48,-613441.36,2338690.37,22963.82,1186922.85,2338690.37,4521513.84,3908072.48,10871333.64,5786150.49,3586825.86,1245561.71,1255592.0,10136097.68,0.0,0.0,64646.55,5.4441385
2023,2208908,RIBEIRO GONÇALVES,516,340,155,25,0,130,40,60,15,0,15,5,10,30,10,15,20,30,0,15,0,0,5,0,0,15,15,6.4,20.9,7.1,78.9,150461.52,6164,6.0,61.2,0.0,10.2,3.9,24.7,1333,135839,135839.0,1172947.0,374,116089,0.0,37.5,50.0,12.5,48.7,21.6,18.9,10.8,0.0,0.0,12.5,12.5,0.0,62.5,0.0,12.5,44664.0,0.0,0.0,197991.75,12000.0,0,314726.77,314726.77,40311.91,58011.0,6412.11,0.0,79.0,13.0,1182709.44,211514.03,92.0,1394223.47,13419.72,36896.23,5847742.08,660238.26,13145929.56,30374846.82,1554.3,237864.98,0.0,117570.09,5912.47,362158.91,61628.6,0.0,0.0,8850058.6,7634388.84,-1215669.76,5710175.89,102064.5,2320248.21,5710175.89,8850058.6,7634388.84,13378629.44,9363107.34,2607616.29,485808.96,2121807.33,14962319.27,0.0,0.0,117570.09,5.76968
2023,2209005,RIO GRANDE DO PIAUÍ,404,235,60,25,0,25,0,40,5,0,10,0,40,40,0,35,5,15,0,35,0,0,0,0,0,0,5,5.8,19.6,7.3,65.6,13083.68,5801,13.4,50.0,4.2,9.7,0.0,36.1,1227,1112,1112.0,2296.0,207,53505,0.0,11.1,77.8,11.1,17.2,25.7,28.6,17.1,5.7,5.7,55.6,11.1,0.0,22.2,11.1,0.0,0.0,0.0,0.0,147618.46,21473.57,675000,1040221.61,1040221.61,44032.34,144855.0,7242.24,0.0,20.0,12.0,261711.4,190501.45,32.0,452212.85,4295.87,52749.92,371768.45,1522020.57,13145919.56,1904450.0,250.22,199752.89,0.0,69610.44,4.41,235949.91,35703.04,0.0,0.0,2667179.88,4652512.9,1985333.02,3717628.64,21830.69,1411857.71,3717628.64,2667179.88,4652512.9,5035449.77,6049742.93,1234317.13,942143.36,292162.27,9523452.53,0.0,0.0,69610.44,4.991398
2023,2209104,SANTA CRUZ DO PIAUÍ,275,315,80,40,0,170,100,55,30,0,30,20,30,30,5,30,25,25,0,25,5,0,25,15,10,15,15,5.2,19.6,5.9,100.0,13385.79,5831,6.2,74.1,0.0,22.3,3.6,0.0,977,1687,1687.0,1315.0,1836,35484,0.0,12.5,62.5,25.0,26.0,18.5,25.9,25.9,0.0,3.7,12.5,25.0,25.0,25.0,12.5,0.0,0.0,0.0,0.0,153923.75,20687.55,625000,998594.4,998594.4,44158.58,147972.0,6852.52,0.0,44.0,13.0,611169.69,185365.45,57.0,796535.14,106450.8,10537.27,249449.12,261308.33,13439300.75,2405078.17,292.29,163383.03,0.0,72552.07,15.25,119827.27,55365.62,243211.88,0.0,2995313.19,4166546.25,1171233.06,3130647.63,8970.76,1272888.19,3130647.63,2995313.19,4166546.25,4826300.29,5601509.9,1311509.59,187073.23,1124436.36,8326906.4,0.0,0.0,72552.07,5.797074
2023,2209153,SANTA CRUZ DOS MILAGRES,222,130,100,50,5,105,105,45,15,0,30,0,30,30,0,15,10,25,0,20,0,5,15,5,5,10,5,5.5,20.7,6.9,100.0,15048.02,3435,5.4,83.8,0.0,12.5,3.7,0.0,351,670,670.0,1240.0,182,29382,0.0,0.0,33.3,66.7,42.0,5.3,26.3,21.1,5.3,0.0,50.0,16.7,0.0,16.7,16.6,0.0,0.0,0.0,0.0,197354.58,12000.0,700000,928954.58,928954.58,14000.0,0.0,5600.0,0.0,11.0,2.0,151207.29,26328.0,13.0,177535.29,1504.87,7193.29,441904.96,2197.24,13145919.56,1647898.58,227.26,11692.28,0.0,62242.07,0.0,146297.4,16227.86,32707.32,0.0,2394174.42,3438781.78,1044607.36,1735746.7,0.0,1045580.38,1735746.7,2394174.42,3438781.78,3926697.21,4804159.3,949233.19,269917.27,679315.92,5991510.42,0.0,0.0,62242.07,5.3809905
2023,2209203,SANTA FILOMENA,568,385,35,45,0,35,20,20,5,0,35,0,75,55,5,35,15,15,0,40,0,0,15,25,0,5,0,5.0,17.5,4.0,44.1,129679.3,6087,10.7,28.5,5.7,7.7,3.3,54.8,860,119479,119479.0,900823.0,461,48554,0.0,20.0,66.7,13.3,50.0,5.9,8.8,32.4,2.9,0.0,12.5,50.0,18.8,12.5,6.2,0.0,0.0,0.0,0.0,144467.67,12000.0,100000,410970.4,410970.4,28683.45,118965.0,6854.28,0.0,49.0,8.0,721521.33,95928.94,57.0,817450.27,219669.41,368352.42,2156378.67,215063.9,13145919.56,18307067.28,1229.4,119237.14,0.0,105413.34,555201.39,80825.0,26015.14,166008.83,0.0,5405252.86,6024564.64,619311.78,4856587.74,0.0,1837324.43,4856587.74,5405252.86,6024564.64,9388412.74,7860496.41,4029070.76,1147846.08,2881224.68,13969246.08,0.0,0.0,105413.34,5.112619
2023,2209302,SANTA LUZ,399,225,50,45,0,70,140,15,0,0,20,0,35,45,5,30,5,40,0,40,0,0,35,5,0,10,5,4.9,19.3,6.9,91.2,16432.64,5336,14.0,64.1,4.7,18.8,4.7,7.7,1236,1484,1484.0,5433.0,88,38878,22.2,44.4,33.4,0.0,20.6,17.6,61.8,0.0,0.0,0.0,44.4,33.3,0.0,22.3,0.0,0.0,0.0,0.0,0.0,197991.75,21776.94,510000,901560.09,901560.09,26876.4,144915.0,0.0,0.0,63.0,2.0,891133.11,34140.0,65.0,925273.11,1000.0,10000.0,564841.55,345958.15,13145959.16,1429849.65,285.54,82760.97,0.0,80862.93,0.0,270260.8,38420.76,102218.6,0.0,2696945.21,5342669.23,2645724.02,4431803.79,0.0,1615509.77,4431803.79,2696945.21,5342669.23,4369668.1,6984135.27,1424747.58,406722.15,1018025.43,10125132.12,0.0,0.0,80862.93,5.0778675
2023,2209351,SANTANA DO PIAUÍ,292,200,70,40,0,60,0,5,0,0,35,0,50,50,0,50,5,25,0,50,0,0,25,5,0,5,5,5.9,13.8,4.2,96.4,12698.11,4125,5.5,72.9,0.0,22.2,0.0,4.9,680,2961,2961.0,8113.0,28,13747,0.0,0.0,50.0,50.0,34.7,3.8,23.1,34.6,3.8,0.0,10.0,10.0,10.0,10.0,60.0,0.0,0.0,0.0,0.0,153923.75,12000.0,550000,866926.02,866926.02,38288.4,106320.0,6393.87,0.0,20.0,0.0,272195.43,0.0,20.0,272195.43,18589.78,5044.98,157796.05,588565.78,13145919.56,923687.25,132.24,121069.46,0.0,77414.63,176.74,112417.96,13808.99,0.0,0.0,2602350.03,4176530.62,1574180.59,2752994.44,83460.66,1273595.76,2752994.44,2602350.03,4176530.62,4060477.91,5501906.59,1393855.28,1043077.27,350778.01,7564278.58,0.0,0.0,77414.63,5.797673
2023,2209377,SANTA ROSA DO PIAUÍ,274,160,115,45,5,75,60,30,0,0,20,10,30,30,0,30,20,25,5,30,0,0,15,5,5,5,10,6.6,18.3,4.2,100.0,13644.03,4650,1.8,51.7,4.2,35.8,8.3,0.0,969,1733,1733.0,2407.0,89,28243,0.0,33.3,66.7,0.0,45.0,5.0,20.0,25.0,5.0,0.0,0.0,50.0,33.3,0.0,16.7,0.0,0.0,0.0,0.0,150526.43,12000.0,425000,778810.89,778810.89,39589.88,144999.0,6695.58,0.0,35.0,4.0,500792.86,68244.0,39.0,569036.86,24906.32,3343.41,472677.67,409741.14,13277378.76,1446154.63,178.36,27739.92,0.0,76524.21,0.0,144309.8,18025.31,85648.98,0.0,2393474.67,4590964.24,2197489.57,3278809.28,0.0,1387672.33,3278809.28,2393474.67,4590964.24,4013945.91,5508841.45,1504141.3,1231444.58,250000.0,7722792.14,0.0,0.0,76524.21,6.131571
2023,2209401,SANTO ANTÔNIO DE LISBOA,317,240,120,40,0,270,10,65,25,0,25,0,40,40,0,40,30,25,5,40,0,0,30,15,0,15,10,4.8,11.0,6.0,80.0,16757.76,5839,8.5,54.1,0.0,23.9,0.0,22.0,573,4189,4189.0,4561.0,282,22832,0.0,30.0,70.0,0.0,24.1,20.7,12.1,31.0,6.9,5.2,20.0,40.0,30.0,10.0,0.0,0.0,34140.44,0.0,0.0,150590.36,20797.87,3175000,3468021.42,3468021.42,40344.06,74862.0,6427.13,0.0,66.0,7.0,926751.92,119562.4,73.0,1046314.32,47982.35,8080.26,189075.14,210331.05,13439300.45,3133034.58,390.16,242020.31,0.0,57598.42,0.0,151717.19,54655.75,0.0,0.0,2934259.95,6008028.25,3073768.3,82516.64,15416.76,0.0,82516.64,2934259.95,6008028.25,4787202.09,4796998.03,1107085.12,100083.49,1007001.63,7002040.1,0.0,0.0,57598.42,5.3482175
2023,2209450,SANTO ANTÔNIO DOS MILAGRES,158,105,60,20,15,25,0,5,0,0,30,0,25,25,0,25,15,20,0,15,0,0,10,5,0,5,5,5.3,20.3,7.9,100.0,11826.19,2138,5.7,85.2,0.0,14.8,0.0,0.0,136,271,257.0,443.0,19,12666,0.0,20.0,60.0,20.0,33.3,0.0,0.0,55.6,0.0,11.1,20.0,20.0,0.0,40.0,20.0,0.0,0.0,0.0,0.0,153923.75,12000.0,400000,602323.75,602323.75,30800.0,0.0,5600.0,0.0,5.0,0.0,81556.62,0.0,5.0,81556.62,135.0,167.87,162014.04,2377.41,13145919.56,826398.63,42.14,15103.22,0.0,45246.58,4.22,124433.15,26768.74,225240.96,0.0,2393228.55,2913294.8,520066.25,2454318.56,0.0,886405.9,2454318.56,2393228.55,2913294.8,3975654.2,3829008.34,1205466.98,1106709.0,94000.0,5793831.77,0.0,0.0,45246.58,5.23966
2023,2209500,SANTO INÁCIO DO PIAUÍ,212,160,105,25,0,50,50,35,10,0,30,0,20,20,0,15,0,10,0,20,0,0,10,5,0,5,5,5.3,21.2,7.7,71.4,13507.31,3646,0.5,58.8,0.0,1.3,0.0,39.9,1553,680,680.0,517.0,1725,38897,0.0,25.0,75.0,0.0,14.3,21.4,35.7,28.6,0.0,0.0,0.0,50.0,0.0,25.0,25.0,0.0,0.0,0.0,0.0,197518.95,12000.0,800000,1121086.37,1121086.37,31702.42,74265.0,5600.0,0.0,34.0,9.0,478506.79,128802.67,43.0,607309.46,10009.08,6103.13,153053.28,535645.03,12927403.15,4666.52,229.33,16903.15,0.0,10525.38,3.08,22.17,23.1,0.0,0.0,2403365.79,3544408.49,1141042.7,2927035.17,1039.14,1062449.91,2927035.17,2403365.79,3544408.49,3519659.53,4922724.36,1332484.49,416204.27,916280.22,6525237.74,0.0,0.0,10525.38,5.592078
2023,2209559,SÃO BRAZ DO PIAUÍ,320,205,0,30,5,70,50,40,0,0,15,0,50,50,0,30,25,35,5,20,0,5,0,0,0,5,5,5.5,21.3,7.1,87.0,12331.4,4358,5.9,46.8,0.7,50.4,0.0,2.1,2986,3558,2952.0,5377.0,72,40786,0.0,20.0,40.0,40.0,9.0,27.3,45.5,9.1,0.0,9.1,80.0,10.0,0.0,0.0,10.0,0.0,0.0,0.0,0.0,163008.05,12000.0,340000,620576.36,620576.36,33373.31,72195.0,0.0,0.0,28.0,2.0,375999.19,25008.0,30.0,401007.19,0.0,4620.0,269299.16,719269.83,13145919.56,997483.98,160.3,110353.87,0.0,63347.68,1959.31,199454.32,79384.27,0.0,0.0,2615345.81,4172425.23,1557079.42,3030625.71,61553.48,1267180.7,3030625.71,2615345.81,4172425.23,3836742.26,5641795.27,1369307.69,349160.57,900194.32,7073191.1,0.0,0.0,63347.68,5.191006
2023,2209609,SÃO FÉLIX DO PIAUÍ,171,195,155,40,5,90,115,40,5,0,40,10,40,40,10,35,25,40,20,25,0,5,0,5,0,10,5,6.0,14.4,8.0,100.0,13379.12,2842,7.6,80.2,0.0,19.8,0.0,0.0,966,368,313.0,463.0,154,31046,0.0,57.1,28.6,14.3,28.6,3.6,7.1,35.7,14.3,10.7,50.0,12.5,12.5,0.0,25.0,0.0,0.0,0.0,0.0,132552.14,12040.0,1900000,2080992.14,2080992.14,30800.0,0.0,5600.0,0.0,44.0,6.0,607358.86,90720.0,50.0,698078.86,37527.38,37990.46,195182.87,54498.25,13143326.26,1044716.47,211.95,43787.92,0.0,46104.69,1860.0,125010.0,20712.04,111042.28,0.0,2403328.48,3006509.18,603180.7,1730662.82,1730.62,900045.72,1730662.82,2403328.48,3006509.18,4820862.55,3335656.51,1710521.74,438415.49,1272106.25,5564488.5,0.0,0.0,46104.69,5.5120916
2023,2209658,SÃO FRANCISCO DE ASSIS DO PIAUÍ,424,330,0,45,0,35,60,45,40,5,45,10,45,45,0,20,40,30,0,45,0,0,15,5,0,5,5,4.2,11.5,7.0,82.1,12243.76,5572,10.4,67.9,0.7,9.1,0.0,22.3,2962,2133,2133.0,942.0,174,64334,0.0,0.0,66.7,33.3,23.4,6.4,38.3,25.5,4.3,2.1,0.0,66.7,33.3,0.0,0.0,0.0,0.0,0.0,0.0,196207.5,12000.0,1000000,1406746.95,1406746.95,48864.87,141798.0,7876.58,0.0,57.0,5.0,822828.0,78840.0,62.0,901668.0,0.0,0.0,120042.16,1.0,13845719.56,1170550.57,42.25,0.0,0.0,0.0,0.0,0.0,0.0,0.0,0.0,2626351.02,6426013.41,3799662.39,1545390.83,0.0,820050.66,1545390.83,2626351.02,6426013.41,5245897.01,6312572.61,496350.67,207576.28,288774.39,10226421.78,0.0,0.0,0.0,4.842137
2023,2209708,SÃO FRANCISCO DO PIAUÍ,350,320,45,45,40,45,0,20,5,0,40,0,60,60,35,35,25,30,0,60,0,0,0,0,0,5,0,6.8,12.5,8.7,75.7,12474.73,5392,6.9,65.9,0.0,7.1,0.0,27.0,754,1303,1303.0,1662.0,961,65943,10.0,20.0,70.0,0.0,40.6,18.9,21.6,16.2,0.0,2.7,41.7,41.7,0.0,8.3,8.3,0.0,0.0,0.0,0.0,203278.81,12000.0,300000,716806.45,716806.45,45319.02,148860.0,7348.62,0.0,56.0,11.0,859410.32,162924.0,67.0,1022334.32,11362.81,2186.14,361735.16,11886.43,13145919.56,2004474.83,340.11,72428.02,0.0,100240.9,0.0,251221.6,83307.8,0.0,0.0,2394372.37,5870579.38,3476207.01,2829404.26,0.0,1783877.09,2829404.26,2394372.37,5870579.38,5002189.92,7491982.94,2871327.68,2057572.07,813755.61,9285665.18,0.0,0.0,100240.9,5.4454784
2023,2209757,SÃO GONÇALO DO GURGUÉIA,216,140,35,20,0,25,135,45,10,0,35,0,45,45,0,20,10,15,0,35,20,0,10,10,0,5,10,4.3,17.3,4.4,70.6,21789.25,2947,15.3,53.9,0.0,15.7,0.0,30.4,1009,1264,1264.0,7146.0,200,22520,0.0,14.3,71.4,14.3,76.4,11.8,0.0,11.8,0.0,0.0,22.2,22.2,11.1,11.1,33.4,0.0,0.0,0.0,0.0,197991.75,12000.0,200000,446391.75,446391.75,30800.0,0.0,5600.0,0.0,14.0,2.0,186733.97,32929.92,16.0,219663.89,2703.13,9921.87,6394873.13,600440.32,13145919.56,12444379.58,266.27,53721.67,0.0,48262.07,6623.2,67794.0,25383.21,49471.68,0.0,4480160.37,2674363.4,-1805796.97,852208.13,17613.54,822088.9,852208.13,4480160.37,2674363.4,11463833.91,3512179.17,2200102.44,733054.49,1467047.95,8827417.86,0.0,0.0,48262.07,4.7019362
2023,2209807,SÃO GONÇALO DO PIAUÍ,309,225,100,30,0,110,5,20,10,0,25,5,35,35,10,35,25,5,0,35,0,0,5,20,0,5,5,4.7,18.2,4.5,91.4,16647.33,4837,12.3,63.5,0.0,28.9,0.0,7.6,509,4100,4100.0,34723.0,82,23182,0.0,37.5,62.5,0.0,12.0,16.7,9.5,45.2,7.1,9.5,0.0,25.0,37.5,12.5,25.0,0.0,0.0,0.0,0.0,112841.83,12000.0,960000,1121241.83,1121241.83,30800.0,0.0,5600.0,0.0,28.0,2.0,416613.85,31536.86,30.0,448150.71,276.79,6780.91,373050.58,0.01,13145919.56,1027556.95,133.19,112003.91,0.0,70848.89,0.0,112335.6,5571.39,193438.37,0.0,2393613.64,3894998.24,1501384.6,2517378.05,0.0,1189088.13,2517378.05,2393613.64,3894998.24,3695751.34,5294030.18,975387.58,836187.58,139200.0,7361156.94,0.0,0.0,70848.89,5.023208
2023,2209856,SÃO JOÃO DA CANABRAVA,272,250,60,35,0,115,0,70,20,0,40,5,25,25,0,25,25,25,5,25,0,15,15,20,0,20,5,6.9,16.0,5.7,100.0,12796.34,4242,0.0,95.1,0.0,4.9,0.0,0.0,449,4410,4410.0,4213.0,29,16316,0.0,20.0,80.0,0.0,60.0,10.0,25.0,5.0,0.0,0.0,0.0,0.0,0.0,40.0,20.0,40.0,27576.0,0.0,0.0,176442.71,12000.0,500000,802953.35,802953.35,34555.64,74355.0,5600.0,0.0,52.0,9.0,761024.02,132744.24,61.0,893768.26,35157.91,1440.0,481735.39,493513.17,13145919.56,1438474.91,192.65,98408.68,0.0,120894.21,0.0,188589.4,56999.58,558616.95,0.0,2393484.41,6408844.18,4015359.77,3883150.47,18562.75,1958937.34,3883150.47,2393484.41,6408844.18,4990742.06,8523336.86,1650758.11,783587.71,867170.4,12665957.21,0.0,0.0,120894.21,6.310516
2023,2209872,SÃO JOÃO DA FRONTEIRA,439,280,30,55,0,90,0,55,15,0,15,0,25,30,5,20,20,30,5,25,0,5,10,10,0,5,15,5.2,16.0,4.7,100.0,13571.17,5522,5.2,91.7,0.0,4.2,4.1,0.0,582,1375,1375.0,1365.0,985,26983,0.0,0.0,33.3,66.7,33.4,0.0,24.2,39.4,0.0,3.0,16.7,16.7,33.3,33.3,0.0,0.0,0.0,0.0,0.0,197108.12,12000.0,300000,698290.95,698290.95,43782.53,73770.0,6900.43,64729.87,41.0,2.0,531157.63,17094.36,43.0,548251.99,15203.09,9508.97,132358.81,554270.14,13145919.56,1760387.5,200.8,55870.03,0.0,89662.72,0.0,134928.56,91747.12,0.0,0.0,2396276.93,5364636.84,2968359.91,3283106.49,0.0,1636165.81,3283106.49,2396276.93,5364636.84,4531612.35,7818545.87,1678143.36,910293.84,767849.52,9401228.89,0.0,0.0,89662.72,5.745565
2023,2209906,SÃO JOÃO DA SERRA,399,330,100,35,0,75,0,30,5,0,35,5,55,55,0,50,20,45,0,45,10,5,5,10,5,10,10,5.9,15.8,4.2,100.0,11896.97,6114,4.3,85.1,0.5,11.4,3.0,0.0,1156,774,774.0,934.0,4502,64644,0.0,18.2,72.7,9.1,37.1,5.7,20.0,28.6,2.9,5.7,27.3,36.4,18.2,9.1,9.0,0.0,15768.44,0.0,0.0,165560.29,12000.0,700000,1037381.28,1037381.28,42798.97,107370.0,6566.04,3085.98,28.0,2.0,386352.25,29491.05,30.0,415843.3,51948.72,25593.96,651080.88,733071.16,13145919.56,1732126.25,22212.98,87218.14,0.0,82081.99,2741.05,123672.93,38216.79,0.0,0.0,2742903.2,4183757.12,1440853.92,2577963.51,62681.85,1288560.74,2577963.51,2742903.2,4183757.12,6125214.82,5885884.5,2925478.17,1545478.17,1380000.0,7559665.76,0.0,0.0,82081.99,5.913523
2023,2209955,SÃO JOÃO DA VARJOTA,306,220,10,30,0,50,80,90,0,0,25,0,40,40,5,35,25,35,0,25,15,0,15,10,5,5,10,5.2,13.2,8.2,94.1,10481.35,4383,10.5,42.1,6.2,42.7,4.5,4.5,360,1273,1273.0,899.0,132,18304,0.0,0.0,37.5,62.5,23.6,11.8,44.1,17.6,2.9,0.0,12.5,37.5,0.0,25.0,25.0,0.0,0.0,0.0,0.0,153923.75,12000.0,0,352790.05,352790.05,34955.82,143403.0,5600.0,2907.48,17.0,3.0,219630.63,34176.78,20.0,253807.41,44144.21,20002.14,345850.75,171844.62,13145919.56,804941.2,153.79,94404.23,0.0,64949.3,0.0,149070.2,98813.83,978635.26,0.0,2554365.51,4048264.38,1493898.87,2186975.68,30142.96,1236045.71,2186975.68,2554365.51,4048264.38,4076822.55,5317426.41,833282.01,483354.23,349927.78,7532757.36,0.0,0.0,64949.3,5.3686066
2023,2209971,SÃO JOÃO DO ARRAIAL,685,395,205,65,5,90,0,40,0,0,65,10,85,80,0,85,10,70,0,75,0,0,10,0,5,0,10,5.9,21.6,8.0,90.9,11715.58,8186,2.6,93.5,0.0,0.0,0.0,6.5,461,729,729.0,1103.0,832,40505,11.8,47.1,29.4,11.7,8.7,29.3,36.2,15.5,6.9,3.4,41.2,23.5,0.0,29.4,5.9,0.0,0.0,0.0,0.0,153923.75,21658.41,825000,1217399.72,1217399.72,60153.11,147993.0,8671.45,0.0,75.0,8.0,1076577.31,127465.32,83.0,1204042.63,1650.0,1700.0,283424.54,1378886.5,13145919.56,1846320.68,189.59,68540.94,0.0,205405.74,2715.14,572491.39,186082.05,0.0,0.0,2776301.02,12336022.88,9559721.86,11038716.2,361765.07,3768574.01,11038716.2,2776301.02,12336022.88,4539949.78,16683773.81,5410907.89,2076309.04,3149162.45,19187288.37,0.0,0.0,205405.74,5.930942
2023,2210003,SÃO JOÃO DO PIAUÍ,1340,1035,660,444595,0,560,830,95,50,5,90,20,90,90,25,80,65,85,10,90,0,10,50,40,10,20,50,5.5,23.1,10.6,98.6,19535.91,21421,4.8,78.7,0.0,19.6,0.0,1.7,3181,1740,1740.0,2074.0,672,87306,14.3,52.4,28.6,4.7,4.1,36.6,32.3,23.7,2.2,1.1,19.0,42.9,19.0,14.3,4.8,0.0,303436.31,15714.0,0.0,254713.32,30299.01,1795000,2373087.85,2373087.85,129215.38,73782.0,20618.01,69460.13,1270.0,166.0,19172893.51,2494402.3,1436.0,21667295.81,979330.35,124624.63,3302333.22,2849358.66,26291839.09,9643896.51,2628.87,1014065.26,0.0,281736.71,0.0,434494.6,223002.93,0.0,0.0,6923278.73,16005062.18,9081783.45,11555495.99,626604.26,4883214.1,11555495.99,6923278.73,16005062.18,11760357.16,19768916.0,9612972.39,2171208.82,7441763.57,20977766.75,0.0,0.0,281736.71,6.0223994
2023,2210052,SÃO JOSÉ DO DIVINO,389,160,160,65,0,35,5,35,0,0,30,0,15,30,0,25,20,30,0,30,0,0,15,5,0,0,15,6.6,19.5,4.4,96.7,17147.17,4841,0.8,90.7,0.0,1.9,0.0,7.4,20252,1125,1125.0,1925.0,4383,46933,0.0,33.3,66.7,0.0,24.2,13.8,34.5,20.7,3.4,3.4,0.0,33.3,66.7,0.0,0.0,0.0,0.0,0.0,0.0,183302.41,20563.44,400000,786415.54,786415.54,43307.65,132630.0,6612.04,0.0,56.0,5.0,723067.8,59193.91,61.0,782261.71,47383.93,9407.4,209222.35,485844.73,13145919.56,1236305.49,151.44,111089.59,0.0,75131.44,0.0,124189.93,58708.92,283601.32,0.0,2605195.26,4510369.8,1905174.54,2351271.51,18574.5,1376703.55,2351271.51,2605195.26,4510369.8,4715708.32,6464265.89,1687783.58,877039.88,810743.7,7851290.43,0.0,0.0,75131.44,6.1411676
2023,2210102,SÃO JOSÉ DO PEIXE,230,110,45,5,0,25,0,30,0,0,25,0,20,25,0,25,15,0,0,25,0,0,0,0,0,0,5,5.5,18.0,7.5,87.5,15177.13,3297,10.4,80.2,0.0,12.5,0.0,7.3,428,1223,1223.0,1163.0,3179,26640,0.0,40.0,40.0,20.0,49.9,12.5,18.8,6.3,12.5,0.0,40.0,40.0,0.0,0.0,20.0,0.0,0.0,0.0,0.0,188360.79,12000.0,525000,826299.79,826299.79,30800.0,64539.0,5600.0,0.0,25.0,10.0,328651.13,138024.0,35.0,466675.13,156573.39,0.0,293303.06,200000.0,13145919.56,797374.65,307.18,31719.91,0.0,45645.05,0.0,166428.0,52675.76,0.0,0.0,2394644.08,3340213.41,945569.33,1902968.98,12511.41,1091210.2,1902968.98,2394644.08,3340213.41,3943861.41,4857214.67,1465265.33,155107.68,1310157.65,5426820.02,0.0,0.0,45645.05,5.447065
2023,2210201,SÃO JOSÉ DO PIAUÍ,422,280,70,75,5,115,50,40,15,0,25,5,70,70,0,50,20,15,0,50,0,0,10,5,0,20,5,5.0,17.8,5.8,97.9,12280.81,6597,3.3,58.9,1.6,25.9,11.4,2.2,1350,7149,7149.0,11470.0,46,41391,0.0,0.0,76.9,23.1,37.2,20.9,27.9,4.7,7.0,2.3,64.3,7.1,7.1,21.5,0.0,0.0,15768.44,0.0,0.0,158655.69,12000.0,740000,1058909.8,1058909.8,31726.45,109839.0,6688.66,0.0,49.0,6.0,649504.26,86742.78,55.0,736247.04,29733.71,2340.0,168669.73,336340.2,13145919.56,1292957.2,303.21,220334.26,0.0,67456.46,1353.42,114233.88,37013.01,0.0,0.0,2696239.33,4017263.41,1321024.08,2015307.96,58018.99,1225061.03,2015307.96,2696239.33,4017263.41,4318559.96,5859971.21,1094626.94,78068.8,1016558.14,7551785.15,0.0,0.0,67456.46,5.920719
2023,2210300,SÃO JULIÃO,307,270,200,45,45,115,40,50,15,0,55,10,40,45,0,45,15,40,5,45,0,0,10,20,0,10,10,5.7,16.9,6.0,90.6,11258.36,6025,8.8,45.5,5.2,31.8,6.5,11.0,880,2548,2548.0,1145.0,88,30618,20.0,40.0,40.0,0.0,52.9,19.4,8.3,19.4,0.0,0.0,20.0,20.0,40.0,10.0,10.0,0.0,31536.0,0.0,0.0,153923.75,12000.0,200000,457642.85,457642.85,12050.69,73725.0,5943.41,0.0,41.0,9.0,607317.25,126216.98,50.0,733534.23,7147.98,3390.08,228612.89,277742.72,13145919.56,1850814.22,287.56,285432.41,0.0,64766.42,0.0,109573.12,22364.31,0.0,0.0,2820859.3,3880026.92,1059167.62,2451192.15,19044.89,1184953.67,2451192.15,2820859.3,3880026.92,4070052.06,5312631.66,871209.45,512182.06,359027.39,7025600.64,0.0,0.0,64766.42,5.4619164
2023,2210359,SÃO LOURENÇO DO PIAUÍ,267,355,140,60,20,75,50,55,0,0,35,0,60,60,5,25,25,30,0,35,10,5,25,10,5,10,0,4.7,11.6,7.2,100.0,12450.59,4410,5.5,77.1,0.0,22.9,0.0,0.0,2652,1273,746.0,849.0,51,87814,9.1,18.2,45.5,27.2,56.0,8.0,28.0,8.0,0.0,0.0,58.3,0.0,0.0,0.0,33.3,8.4,0.0,0.0,0.0,142866.75,12000.0,350000,615992.65,615992.65,33348.9,72177.0,5600.0,0.0,20.0,2.0,331175.88,23616.0,22.0,354791.88,3940.11,3568.88,141503.31,287669.35,13145919.56,1142624.73,232.01,71524.92,0.0,87875.86,3926.9,227380.79,108590.72,0.0,0.0,2636560.79,5239227.75,2602666.96,3451665.54,13563.42,1594695.37,3451665.54,2636560.79,5239227.75,5153064.76,6961849.41,1197275.97,222651.36,959034.61,10540810.93,0.0,0.0,87875.86,5.3224573
2023,2210375,SÃO LUIS DO PIAUÍ,148,115,20,30,0,95,0,20,0,0,25,0,20,20,0,15,15,15,0,20,0,0,5,5,0,5,0,6.6,14.8,4.3,83.3,12313.77,2309,2.7,71.6,0.0,4.9,0.0,23.5,418,1896,1896.0,1883.0,76,25898,0.0,25.0,75.0,0.0,47.0,11.8,17.6,11.8,11.8,0.0,0.0,0.0,25.0,0.0,75.0,0.0,0.0,0.0,0.0,138390.13,12000.0,0,186790.13,186790.13,30800.0,0.0,5600.0,0.0,11.0,3.0,162961.59,56472.47,14.0,219434.06,20430.6,3530.64,192448.81,94724.14,13145919.56,839438.82,82.0,60333.57,0.0,36518.78,0.0,51165.17,36914.31,297093.51,0.0,2561316.44,1975039.96,-586276.48,690007.37,2536.76,625551.23,690007.37,2561316.44,1975039.96,4090211.87,2400642.99,202887.13,40690.92,162196.21,4208888.75,0.0,0.0,36518.78,5.831477
2023,2210383,SÃO MIGUEL DA BAIXA GRANDE,160,90,65,15,5,0,125,15,5,0,15,0,15,15,0,10,10,10,0,15,0,5,5,5,0,5,5,6.3,17.1,5.7,94.7,14503.85,2269,6.3,59.1,0.0,33.3,0.0,7.6,378,1660,1651.0,2843.0,45,15578,0.0,0.0,66.7,33.3,11.1,5.6,27.8,44.4,0.0,11.1,0.0,0.0,33.3,0.0,33.3,33.4,0.0,0.0,0.0,142470.28,12000.0,510000,700870.28,700870.28,30800.0,0.0,5600.0,0.0,23.0,3.0,362664.0,47304.0,26.0,409968.0,12442.4,0.0,134409.05,97667.13,13145919.56,961012.57,100.73,21132.65,0.0,31599.31,1440.0,42417.2,119126.97,0.0,0.0,2585650.73,1808094.7,-777556.03,552602.51,0.0,552602.51,552602.51,2585650.73,1808094.7,4164017.77,2297683.22,259953.6,0.0,259953.6,4199866.18,0.0,0.0,31599.31,5.6281104
2023,2210391,SÃO MIGUEL DO FIDALGO,183,130,75,10,0,15,45,55,5,0,20,0,30,30,0,30,5,5,0,30,0,0,5,0,0,5,10,5.3,14.7,7.5,94.1,13020.74,2829,14.8,57.3,3.7,35.4,1.2,2.4,390,1135,1135.0,1153.0,118,22547,0.0,0.0,60.0,40.0,17.7,35.3,17.6,29.4,0.0,0.0,66.7,0.0,0.0,16.7,16.6,0.0,0.0,0.0,0.0,197991.75,12000.0,525000,842017.75,842017.75,30800.0,70626.0,5600.0,0.0,32.0,0.0,427274.33,10489.2,32.0,437763.53,5305.34,2275.87,736502.81,435994.02,13145919.56,1669436.49,182.47,14603.24,0.0,45265.73,5.14,72237.49,59404.48,0.0,0.0,2707098.86,2575908.31,-131190.55,835068.33,19782.57,787130.45,835068.33,2707098.86,2575908.31,4887119.74,3390205.88,1322552.73,513928.48,408321.4,5040383.43,0.0,0.0,45265.73,4.9761963
2023,2210409,SÃO MIGUEL DO TAPUIO,971,660,155,100,5,300,205,150,25,0,20,10,135,140,0,85,40,90,5,80,100,0,45,10,5,45,30,5.0,20.8,7.1,79.7,11768.94,17554,0.0,50.5,0.4,22.8,1.1,25.2,3025,4747,4747.0,4963.0,4231,149883,25.8,51.6,19.4,3.2,17.8,28.8,32.9,16.4,2.7,1.4,25.8,16.1,3.2,48.4,6.5,0.0,157681.76,15768.44,0.0,359952.94,22397.48,500000,1087760.32,1087760.32,113285.48,71916.0,20208.42,0.0,243.0,43.0,3631214.04,657124.38,286.0,4288338.42,5241.12,311629.32,483077.71,2173874.37,26291839.09,5370831.56,1467.64,750685.72,0.0,293189.83,0.0,815782.63,287313.07,278920.8,0.0,6018861.43,18465438.27,12446576.84,18200636.78,190836.05,5557913.59,18200636.78,6018861.43,18465438.27,10302075.03,25905683.86,7416963.35,1358234.44,5929099.68,34089874.56,0.0,0.0,293189.83,5.779022
2023,2210508,SÃO PEDRO DO PIAUÍ,986,435,370,90,10,105,110,65,5,0,50,5,45,55,0,50,25,35,10,55,0,0,25,5,5,20,15,4.8,21.4,7.0,98.7,11592.28,13755,4.7,73.2,0.0,26.6,0.0,0.2,1531,1860,1496.0,4503.0,269,131754,8.3,8.3,75.0,8.4,16.0,26.3,16.3,31.3,6.3,3.8,7.7,38.5,23.1,0.0,15.4,15.3,459844.76,0.0,0.0,206794.02,45233.33,0,509939.28,509939.28,103382.65,70926.0,16935.1,66668.18,220.0,42.0,3231973.09,645283.0,262.0,3877256.09,72185.16,49445.62,940573.47,1933203.68,21909865.9,2594650.3,634.54,359292.71,0.0,205291.1,0.0,642988.4,146408.89,0.0,0.0,4581181.91,13601423.0,9020241.09,8391952.86,85172.75,4138520.96,8391952.86,4581181.91,13601423.0,8013856.4,17568514.77,7668518.73,6021541.08,1646977.65,19944819.78,0.0,0.0,205291.1,5.690816
2023,2210607,SÃO RAIMUNDO NONATO,2109,1235,520,210,20,845,55,170,145,20,140,50,125,125,35,110,45,75,5,125,10,10,50,35,10,35,25,5.4,22.8,8.0,95.8,19566.06,38934,5.1,88.9,0.0,5.1,2.1,3.9,14731,4279,1917.0,5789.0,263,170169,10.3,34.5,48.3,6.9,33.3,21.0,35.5,8.0,2.2,0.0,35.3,26.5,14.7,11.8,11.7,0.0,357409.84,11808.0,0.0,425726.24,44226.68,1485000,2494571.86,2494571.86,204405.01,223257.0,32932.0,79024.93,1901.0,305.0,28717482.01,4711271.73,2206.0,33428753.74,1359732.87,321151.04,3547363.16,2912302.31,37319526.1,13835314.36,2723.19,3188050.91,0.0,448188.01,0.0,1862854.74,1162552.75,0.0,0.0,11131206.01,30326470.83,19195264.82,29569326.61,72589.4,9251985.15,29569326.61,11131206.01,30326470.83,20565308.03,50828466.2,10683385.13,7683385.13,3000000.0,60980166.87,0.0,0.0,448188.01,5.7684956
2023,2210623,SEBASTIÃO BARROS,367,255,5,15,0,25,5,15,5,0,5,5,40,30,0,25,0,5,0,15,0,0,10,0,0,0,5,3.8,13.8,7.4,31.5,17981.65,3202,27.8,20.8,0.0,5.1,0.8,73.3,734,1814,1814.0,8231.0,498,54211,12.5,25.0,62.5,0.0,19.2,31.9,27.7,19.1,0.0,2.1,33.3,44.4,0.0,11.1,11.2,0.0,0.0,0.0,0.0,176247.3,12000.0,400000,719452.3,719452.3,19600.0,106005.0,5600.0,0.0,36.0,1.0,483804.52,5280.0,37.0,489084.52,382.76,4257.91,546145.04,671167.3,13145919.56,1212565.49,231.65,64473.87,0.0,73652.24,0.0,250580.0,97180.46,476110.63,0.0,2636628.36,5031185.25,2394556.89,3412328.69,13171.93,1521535.99,3412328.69,2636628.36,5031185.25,4820857.38,7178654.51,2677473.67,415723.67,2240000.0,8448830.47,0.0,0.0,73652.24,4.1825027
2023,2210631,SEBASTIÃO LEAL,373,215,90,50,0,15,0,30,5,0,25,5,55,55,0,15,15,45,10,30,0,0,15,5,0,5,10,5.8,17.4,5.2,100.0,163047.99,4446,11.3,62.0,0.0,37.1,0.9,0.0,309,73419,73419.0,516230.0,605,31059,0.0,9.1,36.4,54.5,24.5,13.3,35.6,22.2,2.2,2.2,54.5,0.0,36.4,0.0,9.1,0.0,0.0,0.0,0.0,174273.92,12000.0,450000,727334.33,727334.33,32351.41,53109.0,5600.0,0.0,18.0,5.0,240570.0,74934.67,23.0,315504.67,21321.76,0.0,2779483.21,686437.68,13145919.56,13659954.67,1204.14,102089.33,0.0,68062.31,3300.0,96928.8,43852.96,478938.83,0.0,5197571.92,3976172.83,-1221399.09,1498932.69,0.0,0.0,1498932.69,5197571.92,3976172.83,8698254.63,5390143.7,1187224.74,668396.15,518828.59,7920765.99,0.0,0.0,68062.31,5.6763606
2023,2210656,SIGEFREDO PACHECO,565,320,125,60,0,30,110,20,5,0,20,0,75,75,5,45,20,25,10,60,0,0,5,5,5,5,0,6.1,14.5,4.1,65.2,10254.31,9460,3.2,37.5,12.0,6.3,9.6,34.6,1256,3131,3131.0,6014.0,1690,107792,0.0,20.0,66.7,13.3,34.9,4.3,8.7,47.8,0.0,4.3,13.3,20.0,26.7,20.0,20.0,0.0,0.0,0.0,0.0,188529.18,27223.9,510000,893598.15,893598.15,84195.3,70473.0,13176.77,0.0,70.0,16.0,1037052.84,239215.76,86.0,1276268.6,20325.98,11950.0,200628.16,2018896.05,13145919.56,1887909.45,407.98,158672.3,0.0,123404.0,3483.96,195466.6,90311.05,176307.11,0.0,2803632.31,7283349.42,4479717.11,4408940.09,23358.65,2224943.66,4408940.09,2803632.31,7283349.42,4472572.45,9212369.48,2519320.17,1179826.16,807270.64,11276479.15,0.0,0.0,123404.0,5.557588
2023,2210706,SIMÕES,1127,685,210,135,10,470,175,170,10,0,70,80,55,70,40,60,65,65,15,70,0,0,25,25,0,25,15,7.3,20.6,7.3,98.6,37844.46,14350,2.8,82.3,4.2,12.5,0.3,0.7,3843,6849,5599.0,41904.0,585,101079,0.0,14.3,64.3,21.4,16.2,30.0,22.5,26.3,2.5,2.5,40.0,13.3,13.3,26.7,6.7,0.0,141917.3,15768.0,0.0,214849.12,12000.0,500000,960420.67,960420.67,89285.54,128487.0,15799.01,0.0,164.0,20.0,2339710.36,329756.28,184.0,2669466.64,21169.83,24654.94,14886772.26,307722.1,21953156.18,16660253.83,459.7,435917.58,0.0,230359.88,139.94,1184169.85,550999.18,0.0,0.0,7239309.18,15587905.01,8348595.83,10444017.54,110280.49,5036108.82,10444017.54,7239309.18,15587905.01,14684419.51,18498746.62,3201365.78,2165909.43,1007025.54,29292242.57,0.0,0.0,230359.88,6.561869
2023,2210805,SIMPLÍCIO MENDES,813,610,135,135,5,165,160,120,40,0,50,0,85,85,15,85,40,55,0,75,0,10,40,50,0,10,35,6.7,19.1,7.1,98.0,17066.38,13870,1.7,81.9,0.0,15.6,0.0,2.5,7258,2239,2239.0,2350.0,1520,97887,0.0,58.8,29.4,11.8,46.8,22.6,14.5,14.5,1.6,0.0,26.3,36.8,21.1,15.8,0.0,0.0,91968.44,0.0,0.0,211059.92,28768.35,800000,1210323.28,1210323.28,86643.49,70623.0,13228.52,0.0,390.0,75.0,5846013.68,1063436.96,465.0,6909450.64,135180.7,103981.86,1549058.53,1457527.84,19748427.9,4275617.45,734.04,497222.62,0.0,172184.69,900.0,506004.8,148395.73,0.0,0.0,4412312.9,11375058.26,6962745.36,9583070.62,69998.65,3467948.29,9583070.62,4412312.9,11375058.26,8189537.44,15939187.47,5232986.87,1099978.9,3449945.98,20066359.68,0.0,0.0,172184.69,6.4793663
2023,2210904,SOCORRO DO PIAUÍ,269,215,0,90,5,35,55,45,10,0,35,30,40,40,0,30,20,15,0,35,0,0,10,0,0,10,5,4.9,13.3,8.0,94.7,12776.5,4141,13.0,70.2,0.0,25.7,0.0,4.1,1653,2217,2217.0,2465.0,113,30834,0.0,14.3,85.7,0.0,54.5,15.9,27.3,2.3,0.0,0.0,22.2,22.2,11.1,44.5,0.0,0.0,0.0,0.0,0.0,145866.22,12000.0,1400000,1675805.74,1675805.74,37246.76,74718.0,5974.76,0.0,26.0,7.0,385276.62,101245.12,33.0,486521.74,0.0,5443.52,501519.25,670936.78,13145919.56,1975287.34,210.98,33332.23,0.0,64336.09,0.0,172455.8,61605.94,0.0,0.0,2795509.7,4038983.28,1243473.58,1793525.9,0.0,1213842.21,1793525.9,2795509.7,4038983.28,5734930.24,4143595.14,900000.0,600000.0,300000.0,8030738.89,0.0,0.0,64336.09,5.129955
2023,2210938,SUSSUAPARA,374,230,90,50,0,80,145,115,0,0,15,5,45,45,0,45,35,40,5,5,0,0,40,20,0,0,5,5.2,15.6,8.4,100.0,13712.76,6220,16.3,71.1,0.0,28.9,0.0,0.0,1473,527,527.0,2873.0,260,30942,11.1,55.6,22.2,11.1,55.3,17.2,10.3,13.8,3.4,0.0,77.8,0.0,0.0,11.1,0.0,11.1,0.0,0.0,0.0,117177.51,20384.18,300000,567804.43,567804.43,45252.95,73656.0,7214.88,4118.91,48.0,10.0,620670.97,227214.65,58.0,847885.62,34538.81,2796.35,145358.23,301841.11,13439300.75,1601119.21,273.45,246324.29,0.0,69623.9,1.29,232429.75,100131.55,594787.36,0.0,2710014.23,4747152.21,2037137.98,3684447.24,69236.88,1434593.9,3684447.24,2710014.23,4747152.21,4033926.43,6004641.67,1655585.08,818358.13,837226.95,8484649.98,0.0,0.0,69623.9,5.091727
2023,2210953,TAMBORIL DO PIAUÍ,225,140,115,25,0,85,125,35,5,0,25,5,30,30,0,25,10,25,0,30,0,0,5,0,5,5,15,4.8,19.5,7.0,100.0,13270.12,2949,6.7,93.2,0.0,6.8,0.0,0.0,508,1669,1669.0,1135.0,128,39584,0.0,0.0,16.7,83.3,7.7,61.5,0.0,30.8,0.0,0.0,50.0,33.3,0.0,0.0,16.7,0.0,15768.0,0.0,0.0,195184.48,12000.0,350000,699310.48,699310.48,30800.0,105726.0,5600.0,0.0,5.0,0.0,74936.46,0.0,5.0,74936.46,0.0,4240.0,123505.7,558757.96,13145919.56,1434833.25,385.05,40529.89,0.0,52786.66,1380.0,154269.8,19345.82,0.0,0.0,2689366.27,3247982.53,558616.26,2548976.1,51078.21,977474.0,2548976.1,2689366.27,3247982.53,4026980.47,4949677.05,1558574.98,360292.99,1198281.99,5570491.58,0.0,0.0,52786.66,5.223746
2023,2210979,TANQUE DO PIAUÍ,208,125,5,25,5,55,70,40,10,0,20,0,40,40,0,30,15,10,0,35,0,0,0,0,0,5,5,6.6,15.6,4.5,100.0,19013.4,2316,11.1,62.5,0.0,23.8,13.7,0.0,316,2334,2334.0,13826.0,130,19823,0.0,25.0,50.0,25.0,7.6,7.7,38.5,38.5,7.7,0.0,25.0,50.0,0.0,25.0,0.0,0.0,0.0,0.0,0.0,137253.92,12000.0,250000,421276.81,421276.81,14000.0,0.0,5600.0,2422.89,13.0,2.0,164318.53,34177.2,15.0,198495.73,21536.68,29655.0,284752.6,452277.59,13145919.56,2014422.77,134.92,54652.35,0.0,39575.59,720.0,57950.2,35910.23,114104.46,0.0,2808280.13,2298099.01,-510181.12,694363.85,0.0,656112.79,694363.85,2808280.13,2298099.01,5729309.3,2962405.36,962446.96,164835.51,797611.45,4977193.03,0.0,0.0,39575.59,5.5088654
2023,2211001,TERESINA,39942,19460,14775,448240,165,9235,9615,2225,1675,215,2020,115,2325,2270,810,2285,1555,1350,130,1910,145,125,1235,660,210,545,1135,6.4,26.4,5.3,98.7,33994.07,866300,5.1,91.4,0.5,5.8,1.3,1.0,23339,6152,6152.0,37670.0,1056,3131426,4.3,20.6,61.1,14.0,16.3,19.7,38.5,20.9,3.0,1.6,11.0,50.9,17.0,14.4,5.4,1.3,10452204.86,181189.32,0.0,4912756.84,1448031.74,11500000,25324315.32,25324315.32,3251091.28,948551.28,463395.76,2800488.42,18834.0,12160.0,276740867.6,184109861.83,30994.0,460850729.43,141352685.04,41412579.01,424773452.59,241568804.6,963118774.97,531103619.18,205427.59,158048023.2,0.0,7274514.75,0.0,13666381.7,1123649.45,0.0,0.0,320679472.35,428954954.95,108275482.6,141452264.4,1946345.96,130714299.51,141452264.4,320679472.35,428954954.95,774454428.67,515518757.34,261265204.54,74541899.53,182229442.2,665987097.34,0.0,395913.5,7274514.75,6.2020054
2023,2211100,UNIÃO,3234,1610,340,205,444440,400,305,120,70,0,140,5,285,310,70,150,130,170,15,295,5,5,115,45,20,50,70,5.6,22.9,6.8,77.9,13207.62,46119,11.9,46.4,14.8,13.9,0.3,24.6,2848,11588,11588.0,85013.0,2635,241882,11.5,47.5,37.7,3.3,6.6,6.7,22.6,45.6,11.3,7.2,27.3,25.8,16.7,12.1,13.6,4.5,437435.94,15768.44,0.0,361064.03,64014.98,810000,1805935.59,1805935.59,286412.59,175932.0,43782.12,64729.87,1006.0,272.0,15090298.95,4332283.61,1278.0,19422582.56,160024.55,119486.0,4055152.32,8369101.31,43819731.84,21981028.54,3423.33,1056826.88,0.0,693103.85,1845.48,1951737.31,503582.48,626861.56,0.0,12437105.08,43104968.56,30667863.48,43501554.02,625007.78,13031421.55,43501554.02,12437105.08,43104968.56,21852022.2,61066138.15,19350502.58,8442154.87,10559821.4,75139440.28,0.0,0.0,693103.85,5.2583966
2023,2211209,URUÇUÍ,1928,860,545,230,45,735,15,155,5,25,80,20,135,135,20,75,40,70,0,110,5,10,50,30,15,30,30,4.7,24.0,4.1,92.9,167688.99,25203,14.2,44.7,8.6,38.1,0.0,8.6,34514,291772,291772.0,2435233.0,1618,453798,0.0,23.3,73.3,3.4,14.7,10.5,26.3,40.0,3.2,5.3,6.1,27.3,51.5,6.1,6.1,2.9,141913.32,27576.0,0.0,225840.58,23748.88,200000,657639.8,657639.8,98811.23,36255.0,8254.24,64729.87,466.0,183.0,7052232.68,2700952.07,649.0,9753184.75,44819.82,0.0,12604626.84,2167772.8,28512374.24,118380944.18,13183.84,252804.74,0.0,348315.78,14196.77,501932.37,6943.81,469830.86,0.0,29338931.61,19231102.77,-10107828.84,6897923.12,111929.74,5881767.46,6897923.12,29338931.61,19231102.77,49554141.84,24395862.27,6118509.11,5118509.11,1000000.0,42487731.26,0.0,0.0,348315.78,5.3308573
2023,2211308,VALENÇA DO PIAUÍ,1230,940,235,444580,30,640,175,60,60,5,65,10,110,110,0,75,60,100,10,105,5,15,75,25,20,25,60,4.6,18.6,4.8,85.9,17319.61,22279,13.8,62.5,0.2,22.7,0.2,14.4,44768,2316,2316.0,8518.0,219,755519,12.5,62.5,20.8,4.2,33.3,19.3,16.7,25.4,5.3,0.0,24.0,28.0,28.0,12.0,8.0,0.0,512490.6,47304.44,0.0,287336.17,35277.12,1610000,2419717.47,2419717.47,134294.72,224247.0,20123.39,108439.07,906.0,214.0,13664999.96,3268448.47,1120.0,16933448.43,574783.5,183253.13,2611661.87,2570783.18,26291839.09,5612907.91,1087.87,99236.9,0.0,243406.12,0.0,440331.8,198597.16,197604.91,0.0,4787863.35,13837582.09,9049718.74,9767504.35,0.0,4365677.58,9767504.35,4787863.35,13837582.09,6502410.06,16369243.24,4462517.51,3611160.76,831556.75,22402920.3,0.0,0.0,243406.12,5.010186
2023,2211357,VÁRZEA BRANCA,399,245,100,15,0,110,80,25,5,0,5,5,50,50,0,15,10,40,0,45,0,0,5,10,0,5,5,4.5,16.0,5.9,78.6,12036.82,5055,11.0,28.6,0.0,46.4,0.0,25.0,3655,3400,2260.0,2242.0,101,55001,11.1,22.2,66.7,0.0,14.8,0.0,18.5,59.3,7.4,0.0,36.4,18.2,27.3,9.1,9.0,0.0,0.0,0.0,0.0,133328.46,21087.45,1525000,1791951.88,1791951.88,36368.26,70197.0,5970.71,0.0,37.0,4.0,521894.89,52584.0,41.0,574478.89,2692.74,599.59,214793.83,818550.63,13145919.56,760177.62,151.73,53926.17,0.0,89398.6,923.66,221803.79,179384.75,18.78,0.0,2545294.2,5526336.48,2981042.28,4381326.79,99983.99,1667371.62,4381326.79,2545294.2,5526336.48,4526117.1,7453651.42,1997281.44,1119119.66,632121.87,10429082.08,0.0,0.0,89398.6,4.9985833
2023,2211407,VÁRZEA GRANDE,245,120,10,30,0,10,90,30,10,0,20,0,20,20,15,20,10,15,0,20,0,0,10,5,5,10,0,5.6,18.5,7.0,100.0,12375.88,4417,5.7,90.9,0.0,9.1,0.0,0.0,257,664,659.0,1887.0,246,29937,0.0,66.7,33.3,0.0,9.1,54.5,9.1,18.2,9.1,0.0,50.0,0.0,0.0,25.0,25.0,0.0,15768.0,0.0,0.0,153923.75,22521.59,3000000,3347255.17,3347255.17,34419.77,130731.0,5659.06,0.0,48.0,7.0,683437.5,102438.07,55.0,785875.57,22756.55,5121.34,218006.62,384694.84,13145919.56,759997.82,158.18,95795.48,0.0,55012.64,0.0,77538.2,27272.49,84780.44,0.0,2564524.44,3043354.64,478830.2,1172970.61,8809.8,932948.57,1172970.61,2564524.44,3043354.64,5027150.36,4047322.95,1764191.47,150553.6,1613637.87,5764484.83,0.0,0.0,55012.64,5.5741663
2023,2211506,VERA MENDES,228,185,35,35,0,25,170,30,5,0,25,0,20,40,0,25,15,20,0,40,0,0,15,5,0,0,10,4.9,11.4,6.6,95.5,12180.94,3185,11.8,75.0,0.0,16.1,0.0,8.9,1302,1442,1442.0,1538.0,27,47613,0.0,57.1,42.9,0.0,22.7,18.2,27.3,27.3,0.0,4.5,12.5,25.0,12.5,12.5,37.5,0.0,0.0,0.0,0.0,143718.89,12000.0,400000,592236.39,592236.39,30917.5,0.0,5600.0,0.0,15.0,3.0,176217.61,56472.0,18.0,232689.61,1459.72,6150.0,248989.08,532198.72,13145919.56,1117868.58,110.46,52498.99,0.0,59996.44,4080.0,131251.8,77986.63,0.0,0.0,2393432.89,3477621.8,1084188.91,1234972.54,4006.35,1066724.97,1234972.54,2393432.89,3477621.8,4846832.47,4000594.14,690239.46,402992.23,230991.13,6854111.01,0.0,0.0,59996.44,5.188343
2023,2211605,VILA NOVA DO PIAUÍ,159,190,115,15,0,90,10,35,5,0,25,0,25,25,5,25,20,25,0,25,0,0,10,10,0,10,10,7.1,13.1,10.6,100.0,14283.09,2935,5.0,53.8,1.3,36.3,8.6,0.0,475,2000,2000.0,1073.0,47,24028,20.0,60.0,20.0,0.0,50.0,0.0,22.2,22.2,0.0,5.6,20.0,20.0,0.0,40.0,20.0,0.0,0.0,0.0,0.0,142699.72,12000.0,1225000,1416099.72,1416099.72,30800.0,0.0,5600.0,0.0,22.0,2.0,282598.26,26328.4,24.0,308926.66,74952.7,780.0,69613.32,593830.89,13143891.85,409639.88,70.49,84476.93,0.0,30210.65,0.0,50196.6,61712.13,0.0,0.0,2393342.85,2694863.79,301520.94,1038446.06,12644.87,823773.72,1038446.06,2393342.85,2694863.79,3752832.48,3665601.81,880146.69,471695.91,322668.78,4761154.14,0.0,0.0,30210.65,5.9495525
2023,2211704,WALL FERRAZ,207,260,90,25,0,30,25,60,30,0,10,25,25,25,15,15,0,20,0,25,0,0,5,0,0,5,10,5.6,13.8,9.0,96.4,14324.63,4059,11.6,37.4,0.0,61.0,0.0,1.6,974,1494,1494.0,1362.0,931,45243,0.0,40.0,60.0,0.0,18.5,7.4,18.5,51.9,3.7,0.0,20.0,0.0,0.0,60.0,20.0,0.0,0.0,0.0,0.0,143882.12,12000.0,1493000,1690479.68,1690479.68,35997.56,0.0,5600.0,0.0,26.0,1.0,333896.64,15768.0,27.0,349664.64,11189.7,320.0,392317.62,1093583.88,13145919.56,1577970.93,146.98,76892.13,0.0,127744.1,214.27,256580.87,69474.6,532690.79,0.0,2724353.76,6869764.26,4145410.5,9101092.15,64309.77,2045757.33,9101092.15,2724353.76,6869764.26,4365447.75,11337814.32,5458445.54,2721542.81,2736902.73,12154439.48,0.0,0.0,127744.1,5.470858
